Question,Answer,Explanation,Difficulty Level,Hint
Ram is 10 years old. How old will he be in 5 years?,15 years old,Current age + 5 = 10 + 5 = 15,Easy,
"The sum of John's age and Tom's age is 40. If John is 20 years old, how old is Tom?",20 years old,Sum of ages - John's age = Tom's age. 40 - 20 = 20,Easy,
"Mary is twice as old as Jane. If Jane is 10 years old, how old is Mary?",20 years old,Jane's age * 2 = Mary's age. 10 * 2 = 20,Easy,
"A group of friends has an average age of 25 years. If one of them is 30 years old, what is the average age of the remaining friends?",24 years old,(Sum of ages - age of one friend) / (Number of friends - 1) = Average age. (25 * (n - 1) - 30) / (n - 1) = 24,Easy,
"The ratio of John's age to Peter's age is 3:2. If the sum of their ages is 50, how old is Peter?",20 years old,Let the common ratio be x. John's age = 3x and Peter's age = 2x. 3x + 2x = 50. Solve to get x = 10. Peter's age = 2 * 10 = 20,Medium,
The sum of the ages of a father and his son is 60. The father is 3 times older than the son. How old is the son?,15 years old,Father's age = 3 * Son's age. Father's age + Son's age = 60. Substitute the value of Father's age to get 3 * Son's age + Son's age = 60. Solve to get Son's age = 15,Medium,
"A woman is 5 years older than her sister. If the sum of their ages is 35, how old is the sister?",15 years old,Sister's age + Sister's age + 5 = 35. Solve to get Sister's age = 15,Medium,
"A grandfather is 4 times older than his grandson. If the grandson is 10 years old, how old is the grandfather?",40 years old,Grandfather's age = 4 * Grandson's age. Grandfather's age = 4 * 10 = 40,Medium,
"The sum of the present ages of two friends is 40 years. If the younger friend is 8 years old, how old is the elder friend?",32 years old,Sum of ages - Younger friend's age = Elder friend's age. 40 - 8 = 32,Medium,
"The ratio of the present ages of two friends is 2:3. If the elder friend is 30 years old, how old is the younger friend?",20 years old,Let the common ratio be x. Younger friend's age = 2x and Elder friend's age = 3x. 3x = 30. Solve to get x = 10. Younger friend's age = 2 * 10 = 20,Medium,
"The sum of the present ages of a father and his son is 90 years. If the father is four times as old as his son, how old is the son?",18 years old,Father's age = 4 * Son's age. Father's age + Son's age = 90. Substitute the value of Father's age to get 4 * Son's age + Son's age = 90. Solve to get Son's age = 18,Hard,
"A group of friends has an average age of 35 years. If one of them is 40 years old, what is the average age of the remaining friends?",33.75 years old,(Sum of ages - age of one friend) / (Number of friends - 1) = Average age. (35 * (n - 1) - 40) / (n - 1) = 33.75,Hard,
"The sum of a father's age and his son's age is 108. If the father is twice as old as his son, how old is the son?",36 years old,Father's age = 2 * Son's age. Father's age + Son's age = 108. Substitute the value of Father's age to get 2 * Son's age + Son's age = 108. Solve to get Son's age = 36,Hard,
"A woman is 10 years older than her sister. If the sum of their ages is 60, how old is the sister?",25 years old,Sister's age + Sister's age + 10 = 60. Solve to get Sister's age = 25,Hard,
"A grandfather is 5 times older than his grandson. If the grandson is 8 years old, how old is the grandfather?",40 years old,Grandfather's age = 5 * Grandson's age. Grandfather's age = 5 * 8 = 40,Hard,
"Find the average of 5, 10, and 15.",10,(5 + 10 + 15) / 3,Easy,
"In a class of 10 students, the average score in a test is 75. If 2 students didn't take the test and scored 0, what is the new average?",62.5,(10 * 75 - 2 * 0) / 10,Easy,
"The average of four numbers is 20. Three of the numbers are 15, 25, and 30. What is the fourth number?",15,"(15 + 25 + 30 + X) / 4 = 20, solve for X",Easy,
"The median of a set of numbers is 10. If the set has an odd number of elements, what could be one of the numbers in the set?",10,The median is the middle number in a set,Easy,
"Find the mode of the following set of numbers: 5, 10, 10, 15, 20, 20, 20.",20,The mode is the number that appears most frequently,Easy,
"The average weight of a group of 5 friends is 60 kg. If one friend weighs 70 kg, what is the average weight of the remaining friends?",57 kg,(5 * 60 - 70) / 4,Easy,
"The average height of a class is 150 cm. If a student with a height of 140 cm joins the class, what is the new average height?",149.5 cm,(Old average * Number of students + Height of new student) / (Number of students + 1) = New average,Easy,
"In a data set, the mode is 10. If a number greater than 10 is added to the set, what happens to the mode?",It remains 10,Adding a number greater than 10 does not change the mode,Easy,
"The average of 6 numbers is 12. If one number is removed from the set, the average becomes 14. What is the removed number?",4,"(6 * 12 - X) / 5 = 14, solve for X",Medium,
"The median of a set of 7 numbers is 25. If the largest number is removed from the set, what is the new median?",20,Removing the largest number will result in a new median of the remaining set,Medium,
"The mode of a data set is 12. If the data set is doubled by repeating each number, what is the new mode?",12,Doubling each number does not change the mode,Medium,
"The average score of a student in 5 tests is 80. If the average of the first 3 tests is 75 and the average of the last 3 tests is 85, what is the score of the fourth test?",90,(5 * 80 - 3 * 75 - 3 * 85) = Score of the fourth test,Medium,
"The average of 7 numbers is 15. If one number is replaced with 30, what is the new average?",17,"(7 * 15 - X + 30) / 7, solve for X",Medium,
"The median of a set of 8 numbers is 40. If the smallest number is removed from the set, what is the new median?",42.5,Removing the smallest number will result in a new median of the remaining set,Medium,
"The mode of a data set is 5. If every number in the data set is multiplied by 2, what is the new mode?",10,Multiplying each number by a constant does not change the mode,Medium,
"The average age of a group of 10 people is 25 years. If the average age of the first 5 people is 30 years and the average age of the last 5 people is 20 years, what is the age of the sixth person?",20,(10 * 25 - 5 * 30 - 5 * 20) / 10,Hard,
"The median of a set of 9 numbers is 40. If the largest number is 50, what is the smallest number in the set?",30,Removing the largest number will result in a new median of the remaining set,Hard,
"The mode of a data set is 10. If every number in the data set is increased by 5, what is the new mode?",15,Adding a constant to each number does not change the mode,Hard,
"The average weight of a group of 8 friends is 60 kg. If the average weight of the first 5 friends is 65 kg and the average weight of the last 4 friends is 55 kg, what is the weight of the sixth friend?",55 kg,(8 * 60 - 5 * 65 - 4 * 55) / 8,Hard,
"The median of a set of 6 numbers is 20. If the largest number is 30, what is the smallest possible value for the smallest number in the set?",10,The smallest possible value for the smallest number will be less than 20 and greater than 10,Hard,
Find the area of a square with side length 9 cm.,81 cm²,Area of a square = side length * side length = 9 cm * 9 cm = 81 cm².,Easy,
Determine the perimeter of a rectangle with length 12 cm and width 5 cm.,34 cm,Perimeter of a rectangle = 2 * (length + width) = 2 * (12 cm + 5 cm) = 34 cm.,Easy,
Calculate the area of a circle with radius 6 cm. (Take ? = 3.14),113.04 cm²,Area of a circle = ? * (radius)² = 3.14 * (6 cm)² = 113.04 cm².,Easy,
What is the circumference of a semicircle with radius 9 cm? (Take ? = 3.14),28.26 cm,Circumference of a semicircle = ? * radius + 2 * radius = 3.14 * 9 cm + 2 * 9 cm = 28.26 cm.,Easy,
Find the perimeter of a regular hexagon with side length 4 cm.,24 cm,Perimeter of a regular hexagon = 6 * side length = 6 * 4 cm = 24 cm.,Easy,
Calculate the area of a parallelogram with base 10 cm and height 7 cm.,70 cm²,Area of a parallelogram = base * height = 10 cm * 7 cm = 70 cm².,Easy,
Determine the circumference of a semicircle with diameter 14 cm. (Take ? = 3.14),43.96 cm,Circumference of a semicircle = ? * radius + 2 * radius = 3.14 * (14 cm / 2) + 2 * (14 cm / 2) = 43.96 cm.,Easy,
"What is the area of a trapezium with parallel sides measuring 5 cm and 9 cm, and height 6 cm?",42 cm²,Area of a trapezium = (sum of parallel sides * height) / 2 = (5 cm + 9 cm) * 6 cm / 2 = 42 cm².,Medium,
Find the perimeter of a rectangle with length 14 cm and breadth 8 cm.,44 cm,Perimeter of a rectangle = 2 * (length + breadth) = 2 * (14 cm + 8 cm) = 44 cm.,Medium,
Calculate the area of a circle with diameter 12 cm. (Take ? = 3.14),113.04 cm²,Area of a circle = ? * (radius)² = 3.14 * (12 cm / 2)² = 113.04 cm².,Medium,
Determine the circumference of an ellipse with major axis 12 cm and minor axis 6 cm. (Take ? = 3.14),34.92 cm,Circumference of an ellipse = 2 * ? * ?((major axis)² + (minor axis)² / 8) = 2 * 3.14 * ?((12 cm)² + (6 cm)² / 8) = 34.92 cm.,Medium,
What is the area of an equilateral triangle with side length 8 cm?,27.71 cm²,Area of an equilateral triangle = (?3 / 4) * (side length)² = (?3 / 4) * (8 cm)² = 27.71 cm².,Medium,
Find the perimeter of a regular pentagon with side length 6 cm.,30 cm,Perimeter of a regular pentagon = 5 * side length = 5 * 6 cm = 30 cm.,Medium,
Calculate the area of a sector with radius 10 cm and central angle 45 degrees. (Take ? = 3.14),39.25 cm²,Area of a sector = (central angle / 360) * ? * (radius)² = (45 / 360) * 3.14 * (10 cm)² = 39.25 cm².,Medium,
Determine the circumference of an oval with major axis 18 cm and minor axis 8 cm. (Take ? = 3.14),47.88 cm,Circumference of an oval = 2 * ? * ?((major axis)² + (minor axis)² / 8) = 2 * 3.14 * ?((18 cm)² + (8 cm)² / 8) = 47.88 cm.,Medium,
Find the perimeter of a rhombus with side length 10 cm and one angle of 30 degrees.,40 cm,Perimeter of a rhombus = 4 * side length = 4 * 10 cm = 40 cm.,Hard,
Calculate the area of an annulus (ring-shaped region) with outer radius 14 cm and inner radius 8 cm. (Take ? = 3.14),226.08 cm²,Area of an annulus = ? * (outer radius)² - ? * (inner radius)² = 3.14 * (14 cm)² - 3.14 * (8 cm)² = 226.08 cm².,Hard,
Find the area of a regular octagon inscribed in a circle with radius 6 cm.,96.72 cm²,Area of a regular octagon = 2 * (side length)² * (?2 + ?2) = 2 * (6 cm)² * (?2 + ?2) = 96.72 cm².,Hard,
Determine the perimeter of an ellipse with major axis 16 cm and minor axis 10 cm. (Take ? = 3.14),46.28 cm,Perimeter of an ellipse = 2 * ? * ?((3 * (major axis) / 2)² + (3 * (minor axis) / 2)²) = 2 * 3.14 * ?((3 * (16 cm) / 2)² + (3 * (10 cm) / 2)²) = 46.28 cm.,Hard,
"What is the area of a trapezium with the lengths of the parallel sides measuring 7 cm and 13 cm, and height 8 cm?",80 cm²,Area of a trapezium = (sum of parallel sides * height) / 2 = (7 cm + 13 cm) * 8 cm / 2 = 80 cm².,Hard,
Find the volume of a cube with side length 6 cm.,216 cm³,Volume of a cube = side length * side length * side length = 6 cm * 6 cm * 6 cm = 216 cm³.,Easy,
"Calculate the surface area of a rectangular prism with length 8 cm, width 5 cm, and height 6 cm.",196 cm²,Surface area of a rectangular prism = 2 * (length * width + width * height + height * length) = 2 * (8 cm * 5 cm + 5 cm * 6 cm + 6 cm * 8 cm) = 196 cm².,Easy,
Determine the volume of a cylinder with radius 4 cm and height 10 cm. (Take ? = 3.14),502.4 cm³,Volume of a cylinder = ? * (radius)² * height = 3.14 * (4 cm)² * 10 cm = 502.4 cm³.,Easy,
Find the surface area of a sphere with radius 7 cm. (Take ? = 3.14),615.44 cm²,Surface area of a sphere = 4 * ? * (radius)² = 4 * 3.14 * (7 cm)² = 615.44 cm².,Easy,
Calculate the volume of a cone with radius 5 cm and height 12 cm. (Take ? = 3.14),314.00 cm³,Volume of a cone = (? * (radius)² * height) / 3 = (3.14 * (5 cm)² * 12 cm) / 3 = 314.00 cm³.,Easy,
"Determine the total surface area of a rectangular prism with length 10 cm, width 6 cm, and height 4 cm.",232 cm²,Total surface area of a rectangular prism = 2 * (length * width + width * height + height * length) = 2 * (10 cm * 6 cm + 6 cm * 4 cm + 4 cm * 10 cm) = 232 cm².,Easy,
Find the volume of a cylinder with radius 6 cm and height 8 cm. (Take ? = 3.14),904.32 cm³,Volume of a cylinder = ? * (radius)² * height = 3.14 * (6 cm)² * 8 cm = 904.32 cm³.,Easy,
Calculate the surface area of a sphere with radius 9 cm. (Take ? = 3.14),1017.36 cm²,Surface area of a sphere = 4 * ? * (radius)² = 4 * 3.14 * (9 cm)² = 1017.36 cm².,Easy,
Determine the volume of a cone with radius 8 cm and height 15 cm. (Take ? = 3.14),502.40 cm³,Volume of a cone = (? * (radius)² * height) / 3 = (3.14 * (8 cm)² * 15 cm) / 3 = 502.40 cm³.,Medium,
"Find the surface area of a rectangular pyramid with base length 12 cm, base width 9 cm, and slant height 15 cm.",414 cm²,Surface area of a rectangular pyramid = base area + (base perimeter * slant height) / 2 = (12 cm * 9 cm) + ((12 cm + 9 cm) * 15 cm) / 2 = 414 cm².,Medium,
Calculate the volume of a sphere with radius 12 cm. (Take ? = 3.14),7234.56 cm³,Volume of a sphere = (4/3) * ? * (radius)³ = (4/3) * 3.14 * (12 cm)³ = 7234.56 cm³.,Medium,
Determine the total surface area of a cone with radius 10 cm and slant height 14 cm. (Take ? = 3.14),654.80 cm²,Total surface area of a cone = base area + lateral area = ? * (radius)² + ? * radius * slant height = 3.14 * (10 cm)² + 3.14 * 10 cm * 14 cm = 654.80 cm².,Medium,
"Find the volume of a rectangular prism with length 15 cm, width 7 cm, and height 9 cm.",945 cm³,Volume of a rectangular prism = length * width * height = 15 cm * 7 cm * 9 cm = 945 cm³.,Medium,
Calculate the surface area of a cylinder with radius 7 cm and height 12 cm. (Take ? = 3.14),615.44 cm²,Surface area of a cylinder = 2 * ? * (radius)² + 2 * ? * radius * height = 2 * 3.14 * (7 cm)² + 2 * 3.14 * 7 cm * 12 cm = 615.44 cm².,Medium,
"Determine the volume of a pyramid with base length 10 cm, base width 8 cm, and height 6 cm.",160 cm³,Volume of a pyramid = (base area * height) / 3 = (10 cm * 8 cm * 6 cm) / 3 = 160 cm³.,Medium,
Find the total surface area of a cube with edge length 12 cm.,864 cm²,Total surface area of a cube = 6 * (edge length)² = 6 * (12 cm)² = 864 cm².,Hard,
Calculate the volume of a sphere with radius 15 cm. (Take ? = 3.14),14130 cm³,Volume of a sphere = (4/3) * ? * (radius)³ = (4/3) * 3.14 * (15 cm)³ = 14130 cm³.,Hard,
Determine the surface area of a cone with radius 12 cm and slant height 16 cm. (Take ? = 3.14),659.84 cm²,Surface area of a cone = ? * (radius)² + ? * radius * slant height = 3.14 * (12 cm)² + 3.14 * 12 cm * 16 cm = 659.84 cm².,Hard,
"Find the volume of a pyramid with base length 16 cm, base width 9 cm, and height 12 cm.",1728 cm³,Volume of a pyramid = (base area * height) / 3 = (16 cm * 9 cm * 12 cm) / 3 = 1728 cm³.,Hard,
Calculate the surface area of a cylinder with radius 10 cm and height 18 cm. (Take ? = 3.14),1256.80 cm²,Surface area of a cylinder = 2 * ? * (radius)² + 2 * ? * radius * height = 2 * 3.14 * (10 cm)² + 2 * 3.14 * 10 cm * 18 cm = 1256.80 cm².,Hard,
Solve the equation 3x + 5 = 17.,x = 4,Subtract 5 from both sides: 3x = 12. Divide both sides by 3: x = 4.,Easy,
Simplify the expression 2x + 3y - 4x + 5y.,-2x + 8y,Combine like terms: (2x - 4x) + (3y + 5y) = -2x + 8y.,Easy,
Solve the inequality 2x + 3 < 7.,x < 2,Subtract 3 from both sides: 2x < 4. Divide both sides by 2: x < 2.,Easy,
Factorize the expression x^2 - 9.,(x - 3)(x + 3),Use the difference of squares formula: a^2 - b^2 = (a - b)(a + b).,Easy,
"Solve the system of equations: 2x + y = 7, x - 3y = -4.","x = 2, y = 3",Use substitution or elimination method to find the values of x and y.,Easy,
Simplify the expression (a^2b^3)^2.,a^4b^6,Apply the power of a power rule: (a^m)^n = a^(m*n).,Easy,
Solve the equation 4(2x - 5) = 12.,x = 4,Distribute 4 on the left side: 8x - 20 = 12. Add 20 to both sides: 8x = 32. Divide both sides by 8: x = 4.,Easy,
Simplify the expression (2a + 3b)^2.,4a^2 + 12ab + 9b^2,Apply the distributive property and multiply each term by the corresponding term inside the parentheses.,Easy,
Solve the equation 2x^2 - 5x + 2 = 0.,"x = 1/2, x = 2",Use factoring or the quadratic formula to find the solutions.,Medium,
Simplify the expression (3x^2y^3)(2xy^2).,6x^3y^5,Multiply the coefficients and add the exponents of the variables.,Medium,
Solve the inequality 3x - 7 > 5x + 2.,x < -3,Subtract 3x and 5x from both sides and simplify.,Medium,
Simplify the expression (a^3b^4)/(a^2b).,ab^3,Subtract the exponents in the numerator and denominator.,Medium,
"Solve the system of equations: 2x + 3y = 8, 4x - y = 2.","x = 2, y = 0",Use substitution or elimination method to find the values of x and y.,Medium,
Simplify the expression (2x^3)^2 / (4x^4).,x^2/2,Apply the power of a quotient rule: (a/b)^n = a^n / b^n.,Medium,
Solve the equation 5(2x + 3) - 4(3x - 2) = 12.,x = 1,"Distribute and combine like terms, then solve for x.",Medium,
Simplify the expression ?(4x^2y^3).,2xy?y,Break down the square root and simplify.,Medium,
Solve the equation 2x^3 + 5x^2 - 3x + 1 = 0.,"x = -1, x = 1/2, x = -1/2","Use factoring, synthetic division, or the cubic formula to find the solutions.",Hard,
Simplify the expression (a^2 - b^2) / (a - b).,a + b,Apply the difference of squares formula and simplify.,Hard,
Solve the inequality x^2 - 6x + 8 < 0.,2 < x < 4,Factor the quadratic expression and determine the range of x values that satisfy the inequality.,Hard,
Simplify the expression (2x - 1)(3x^2 + 2x + 5).,6x^3 + 10x^2 + 8x - 5,Apply the distributive property and multiply each term in the first expression by each term in the second expression.,Hard,
Solve the equation 3x + 5 = 17.,x = 4,Subtract 5 from both sides: 3x = 12. Divide both sides by 3: x = 4.,Easy,
"Find the next term in the geometric progression: 2, 6, 18, 54, ...",162,Multiply the last term by the common ratio: 54 * 3 = 162.,Easy,
Determine the 10th term in the Fibonacci sequence.,55,The Fibonacci sequence starts with 0 and 1. Each subsequent term is the sum of the two preceding terms. The 10th term is 55.,Easy,
"Find the sum of the geometric progression: 3, 9, 27, ..., 19683.",29524,The common ratio is 3. Apply the formula for the sum of a geometric progression: (first term * (1 - common ratio^n))/(1 - common ratio) = (3 * (1 - 3^10))/(1 - 3) = 29524.,Easy,
"Find the common difference in the arithmetic progression: 7, 13, 19, ...",6,Subtract the preceding term from the succeeding term: 13 - 7 = 6.,Easy,
"Find the 15th term in the arithmetic progression: 3, 9, 15, 21, ...",51,The common difference is 6. Multiply the common difference by (n - 1): 6 * (15 - 1) = 84. Add the first term: 3 + 84 = 87. Subtract the extra common differences beyond the 15th term: 87 - (6 * 3) = 51.,Medium,
"Find the next term in the geometric progression: 4, 12, 36, 108, ...",324,The common ratio is 3. Multiply the last term by the common ratio: 108 * 3 = 324.,Medium,
Determine the sum of the first 12 terms of the Fibonacci sequence.,376,Add the first 12 terms of the Fibonacci sequence: 0 + 1 + 1 + 2 + 3 + 5 + 8 + 13 + 21 + 34 + 55 + 89 = 376.,Medium,
"Find the sum of the geometric progression: 1/3, 1/6, 1/12, ..., 1/19683.",01-Feb,The common ratio is 1/2. Apply the formula for the sum of a geometric progression: (first term * (1 - common ratio^n))/(1 - common ratio) = ((1/3) * (1 - (1/2)^9))/(1 - 1/2) = 1/2.,Medium,
"Find the common ratio in the geometric progression: 8, 4, 2, ...",01-Feb,Divide the succeeding term by the preceding term: 4/8 = 1/2.,Medium,
"Find the 25th term in the arithmetic progression: 2, 5, 8, 11, ...",74,The common difference is 3. Multiply the common difference by (n - 1): 3 * (25 - 1) = 72. Add the first term: 2 + 72 = 74.,Hard,
"Find the next term in the geometric progression: 10, 5, 5/2, 5/4, ...",05-Aug,The common ratio is 1/2. Multiply the last term by the common ratio: (5/4) * (1/2) = 5/8.,Hard,
Determine the sum of the first 20 terms of the Fibonacci sequence.,17710,Add the first 20 terms of the Fibonacci sequence: 0 + 1 + 1 + 2 + 3 + 5 + 8 + 13 + 21 + 34 + 55 + 89 + 144 + 233 + 377 + 610 + 987 + 1597 + 2584 + 4181 = 17710.,Hard,
"Find the sum of the geometric progression: 2/3, 4/9, 8/27, ..., 16384/59049.",19683/32764,The common ratio is 2/3. Apply the formula for the sum of a geometric progression: (first term * (1 - common ratio^n))/(1 - common ratio) = ((2/3) * (1 - (2/3)^14))/(1 - 2/3) = 19683/32764.,Hard,
"Find the common difference in the arithmetic progression: 15, 11, 7, ...",-4,Subtract the preceding term from the succeeding term: 11 - 15 = -4.,Hard,
In how many ways can you arrange 3 different objects in a row?,6,n! = 3! = 6,Easy,
In how many ways can you arrange 2 red balls and 3 blue balls in a row?,20,n! = 5! = 20,Easy,
How many ways can 4 people be seated in a row?,24,n! = 4! = 24,Easy,
"In how many ways can the letters of the word ""COLLEGE"" be arranged?",7560,n! = 7! = 7560,Easy,
"In how many ways can 3 identical green balls, 2 identical red balls, and 4 identical blue balls be arranged in a row?",1260,n!/(a! * b! * c!) = 9!/(3! * 2! * 4!) = 1260,Medium,
How many ways can a committee of 3 people be formed from a group of 6 candidates?,20,nCr = 6C3 = 20,Medium,
"In how many ways can the letters of the word ""MATHEMATICS"" be arranged?",997920,n!/(a! * b! * c!) = 11!/(2! * 2! * 2!) = 997920,Medium,
"How many different 3-digit numbers can be formed using the digits 1, 2, 3, and 4 without repetition?",24,nPm = 4P3 = 24,Medium,
In how many ways can 5 identical red balls and 3 identical green balls be arranged in a row such that no two green balls are adjacent?,280,(n - a + 1)! / (b! * c!) = (6 - 3 + 1)! / (3! * 3!) = 280,Hard,
"How many different 5-digit numbers can be formed using the digits 1, 2, 3, 4, and 5 without repetition?",120,nPm = 5P5 = 120,Hard,
In how many ways can 6 books be arranged on a shelf if 2 specific books must always be together?,720,(n - a + 1)! * a! = (5 + 1)! * 2! = 720,Hard,
"In how many ways can the letters of the word ""PERMUTATIONS"" be arranged?",997920,n! / (a!) = 12! / (2!) = 997920,Hard,
What is the probability of drawing a red ball from a bag containing 5 red balls and 3 blue balls?,05-Aug,Number of red balls / Total number of balls = 5/8,Easy,
What is the probability of rolling an even number on a fair 6-sided die?,01-Feb,Number of favorable outcomes (even numbers) / Total number of outcomes = 3/6 = 1/2,Easy,
"If two dice are rolled, what is the probability of getting a sum of 7?",01-Jun,Number of favorable outcomes (sum of 7) / Total number of outcomes = 6/36 = 1/6,Easy,
"A bag contains 4 red marbles, 3 green marbles, and 5 blue marbles. What is the probability of drawing a green marble?",03-Dec,Number of green marbles / Total number of marbles = 3/12,Easy,
"If a standard deck of cards is shuffled, what is the probability of drawing a heart or a diamond?",01-Feb,Number of favorable outcomes (hearts or diamonds) / Total number of outcomes = 26/52 = 1/2,Easy,
"A bag contains 7 red balls, 6 blue balls, and 9 green balls. If two balls are drawn without replacement, what is the probability of drawing two blue balls?",02-Nov,(Number of blue balls / Total number of balls) * (Number of blue balls - 1 / Total number of balls - 1) = (6/22) * (5/21) = 2/11,Easy,
"In a bag, there are 20 jelly beans: 7 red, 5 yellow, and 8 green. What is the probability of drawing a yellow jelly bean?",May-20,Number of yellow jelly beans / Total number of jelly beans = 5/20,Easy,
"A box contains 10 red balls, 8 blue balls, and 6 green balls. If three balls are drawn without replacement, what is the probability of getting at least two red balls?",91/165,Number of ways to get at least two red balls / Total number of ways to draw three balls = (10C2 * 14C1 + 10C3) / 24C3 = 91/165,Medium,
A fair 6-sided die is rolled 3 times. What is the probability of getting the sum of the numbers rolled equal to 9?,25/216,Number of favorable outcomes (sum of 9) / Total number of outcomes = 25/216,Medium,
"A bag contains 7 red balls, 5 blue balls, and 8 green balls. If four balls are drawn without replacement, what is the probability of getting two red balls and two blue balls?",105/429,(Number of ways to choose 2 red balls * Number of ways to choose 2 blue balls) / Total number of ways to draw four balls = (7C2 * 5C2) / 20C4 = 105/429,Medium,
"A box contains 6 black balls, 5 white balls, and 3 red balls. If two balls are drawn without replacement, what is the probability of getting one black ball and one white ball?",15/44,(Number of ways to choose 1 black ball * Number of ways to choose 1 white ball) / Total number of ways to draw two balls = (6C1 * 5C1) / 14C2 = 15/44,Medium,
"A bag contains 8 red balls, 6 blue balls, and 4 green balls. If three balls are drawn without replacement, what is the probability of getting at least two blue balls?",Nov-35,Number of ways to get at least two blue balls / Total number of ways to draw three balls = (6C2 * 8C1 + 6C3) / 18C3 = 11/35,Medium,
"A box contains 10 red balls, 8 blue balls, and 6 green balls. If two balls are drawn without replacement, what is the probability of getting two balls of different colors?",37/57,Number of ways to choose 1 red ball and 1 non-red ball + Number of ways to choose 1 blue ball and 1 non-blue ball + Number of ways to choose 1 green ball and 1 non-green ball / Total number of ways to draw two balls = [(10C1 * 14C1) + (8C1 * 16C1) + (6C1 * 18C1)] / 24C2 = 37/57,Medium,
"A bag contains 6 red balls, 5 blue balls, and 3 green balls. If two balls are drawn without replacement, what is the probability of getting two red balls?",15/77,Number of ways to choose 2 red balls / Total number of ways to draw two balls = 6C2 / 14C2 = 15/77,Medium,
"A box contains 12 balls: 5 red, 4 blue, and 3 green. If three balls are drawn without replacement, what is the probability of getting exactly two red balls and one blue ball?",40/198,(Number of ways to choose 2 red balls * Number of ways to choose 1 blue ball) / Total number of ways to draw three balls = (5C2 * 4C1) / 12C3 = 40/198,Medium,
"A box contains 8 red balls, 6 blue balls, and 4 green balls. If two balls are drawn without replacement, what is the probability of getting at least one red ball?",95/153,Number of ways to get at least one red ball / Total number of ways to draw two balls = 1 - (Number of ways to choose 2 non-red balls / Total number of ways to draw two balls) = 1 - (10C2 / 18C2) = 95/153,Medium,
"A box contains 7 red balls, 5 blue balls, and 8 green balls. If four balls are drawn without replacement, what is the probability of getting exactly three red balls?",35/198,(Number of ways to choose 3 red balls * Number of ways to choose 1 non-red ball) / Total number of ways to draw four balls = (7C3 * 13C1) / 20C4 = 35/198,Hard,
"A bag contains 9 red balls, 5 blue balls, and 6 green balls. If three balls are drawn without replacement, what is the probability of getting exactly two red balls and one blue ball?",15/38,(Number of ways to choose 2 red balls * Number of ways to choose 1 blue ball) / Total number of ways to draw three balls = (9C2 * 5C1) / 20C3 = 15/38,Hard,
"A box contains 10 red balls, 8 blue balls, and 6 green balls. If three balls are drawn without replacement, what is the probability of getting two balls of the same color and one ball of a different color?",33/55,Number of ways to choose 2 red balls + Number of ways to choose 2 blue balls + Number of ways to choose 2 green balls / Total number of ways to draw three balls = (10C2 + 8C2 + 6C2) / 24C3 = 33/55,Hard,
"A bag contains 6 red balls, 5 blue balls, and 3 green balls. If three balls are drawn without replacement, what is the probability of getting exactly one ball of each color?",30/77,(Number of ways to choose 1 red ball * Number of ways to choose 1 blue ball * Number of ways to choose 1 green ball) / Total number of ways to draw three balls = (6C1 * 5C1 * 3C1) / 14C3 = 30/77,Hard,
What is 25% of 80?,20,80 * 0.25,Easy,
What is 40% of 250?,100,250 * 0.40,Easy,
What is 75% of 120?,90,120 * 0.75,Easy,
"If a store sells a product at a 20% discount, and the original price was $50, what is the sale price?",$40,$50 * 0.80,Easy,
"If a pizza has 8 slices, and you eat 3 slices, what percentage of the pizza did you eat?",37.50%,(3 / 8) * 100,Easy,
"If you answered 18 out of 20 questions correctly on a test, what is your percentage score?",90%,(18 / 20) * 100,Easy,
"If a company's revenue increased from $500,000 to $600,000, what is the percentage increase?",20%,"(($600,000 - $500,000) / $500,000) * 100",Easy,
"If an item's price decreased from $80 to $64, what is the percentage decrease?",20%,(($80 - $64) / $80) * 100,Easy,
"If a computer originally costs $1000 and is now on sale for $800, what is the percentage discount?",20%,(($1000 - $800) / $1000) * 100,Medium,
"If a student scored 75 out of 100 on a test, what is the percentage grade?",75%,(75 / 100) * 100,Medium,
"A company had 80 employees last year, and now it has 100 employees. What is the percentage increase in the number of employees?",25%,((100 - 80) / 80) * 100,Medium,
A product's price was decreased from $120 to $96. What is the percentage decrease in price?,20%,(($120 - $96) / $120) * 100,Medium,
"If a car's mileage increased from 25 miles per gallon to 30 miles per gallon, what is the percentage increase in fuel efficiency?",20%,((30 - 25) / 25) * 100,Medium,
"If a laptop's battery life decreased from 10 hours to 8 hours, what is the percentage decrease?",20%,((10 - 8) / 10) * 100,Medium,
"If a company's stock price increased from $50 to $60, what is the percentage increase?",20%,(($60 - $50) / $50) * 100,Medium,
A population of a town increased from 5000 to 6000. What is the percentage increase in population?,20%,((6000 - 5000) / 5000) * 100,Hard,
"If a student's score increased from 60 out of 100 to 75 out of 100, what is the percentage increase in score?",25%,((75 - 60) / 60) * 100,Hard,
"If a store originally had 100 items and now has 80 items, what is the percentage decrease in inventory?",20%,((100 - 80) / 100) * 100,Hard,
"If the price of a stock decreased from $80 to $64, what is the percentage decrease in price?",20%,(($80 - $64) / $80) * 100,Hard,
"If a company's revenue decreased from $500,000 to $400,000, what is the percentage decrease?",20%,"(($400,000 - $500,000) / $500,000) * 100",Hard,
What is the ratio of flour to sugar if a recipe calls for 2 cups of flour and 1 cup of sugar?,02:01,2 cups of flour : 1 cup of sugar,Easy,
What is the ratio of male to female players if a team has 10 male players and 5 female players?,02:01,10 male players : 5 female players,Easy,
What is the ratio of red to blue balls if a container contains 4 red balls and 6 blue balls?,02:03,4 red balls : 6 blue balls,Easy,
"If a car travels 240 miles in 4 hours, what is its speed in miles per hour?",60 mph,240 miles / 4 hours,Easy,
What is the ratio of salt to pepper if a recipe calls for 3 teaspoons of salt and 1 teaspoon of pepper?,03:01,3 teaspoons of salt : 1 teaspoon of pepper,Easy,
What is the ratio of green to blue marbles if a box contains 8 green marbles and 4 blue marbles?,02:01,8 green marbles : 4 blue marbles,Easy,
What is the ratio of wins to losses if a team has 6 wins and 2 losses?,03:01,6 wins : 2 losses,Easy,
What is the ratio of red to green candies if a jar contains 5 red candies and 3 green candies?,05:03,5 red candies : 3 green candies,Easy,
What is the ratio of apples to oranges in simplest form if a box contains 15 apples and 10 oranges?,03:02,15 apples : 10 oranges (divided by their greatest common divisor of 5),Medium,
What is the ratio of milk to flour in simplest form if a recipe calls for 2 cups of milk and 3 cups of flour?,02:03,2 cups of milk : 3 cups of flour (divided by their greatest common divisor of 1),Medium,
What is the ratio of pens to pencils in simplest form if a box contains 40 pens and 25 pencils?,08:05,40 pens : 25 pencils (divided by their greatest common divisor of 5),Medium,
What is the ratio of male to female players in simplest form if a team has 18 male players and 12 female players?,03:02,18 male players : 12 female players (divided by their greatest common divisor of 6),Medium,
What is the ratio of red to blue balls in simplest form if a container contains 24 red balls and 36 blue balls?,02:03,24 red balls : 36 blue balls (divided by their greatest common divisor of 12),Medium,
"If a car travels 450 miles in 9 hours, what is its speed in miles per hour?",50 mph,450 miles / 9 hours,Medium,
What is the ratio of sugar to flour in simplest form if a recipe calls for 5 cups of sugar and 2 cups of flour?,05:02,5 cups of sugar : 2 cups of flour (divided by their greatest common divisor of 1),Medium,
What is the ratio of green to blue marbles in simplest form if a box contains 16 green marbles and 8 blue marbles?,02:01,16 green marbles : 8 blue marbles (divided by their greatest common divisor of 8),Medium,
What is the ratio of sugar to flour in simplest form if a recipe calls for 3 cups of sugar and 1 cup of flour?,03:01,3 cups of sugar : 1 cup of flour (divided by their greatest common divisor of 1),Hard,
What is the ratio of male to female players in simplest form if a team has 45 male players and 30 female players?,03:02,45 male players : 30 female players (divided by their greatest common divisor of 15),Hard,
What is the ratio of pens to pencils in simplest form if a box contains 120 pens and 75 pencils?,08:05,120 pens : 75 pencils (divided by their greatest common divisor of 15),Hard,
"If a car travels 750 miles in 15 hours, what is its speed in miles per hour?",50 mph,750 miles / 15 hours,Hard,
"If a worker earns $10 per hour and works for 8 hours, how much money did they earn?",$80,$10 per hour x 8 hours,Easy,
"If a worker earns $15 per hour and works for 6 hours, how much money did they earn?",$90,$15 per hour x 6 hours,Easy,
"If it takes 2 workers 4 hours to complete a task, how many worker-hours were required?",8 worker-hours,2 workers x 4 hours,Easy,
"If a worker earns $12 per hour and works for 10 hours, how much money did they earn?",$120,$12 per hour x 10 hours,Easy,
"If it takes 3 workers 5 hours to complete a task, how many worker-hours were required?",15 worker-hours,3 workers x 5 hours,Easy,
"If a worker earns $20 per hour and works for 7 hours, how much money did they earn?",$140,$20 per hour x 7 hours,Easy,
"If it takes 4 workers 3 hours to complete a task, how many worker-hours were required?",12 worker-hours,4 workers x 3 hours,Easy,
"If a worker earns $18 per hour and works for 9 hours, how much money did they earn?",$162,$18 per hour x 9 hours,Easy,
"If a worker can complete a task in 6 hours, how long would it take 2 workers to complete the same task?",3 hours,6 hours ÷ 2 workers,Medium,
"If a worker can complete a task in 8 hours, how long would it take 3 workers to complete the same task?",2.67 hours,8 hours ÷ 3 workers,Medium,
"If a worker can complete a task in 5 hours, how long would it take 4 workers to complete the same task?",1.25 hours,5 hours ÷ 4 workers,Medium,
"If a worker can complete a task in 10 hours, how long would it take 2 workers to complete half of the task?",5 hours,10 hours ÷ 2 workers x 0.5,Medium,
"If a worker earns $16 per hour and works for 8 hours, how much money did they earn in a week (assuming a 5-day workweek)?",$640,$16 per hour x 8 hours x 5 days,Medium,
"If a worker earns $25 per hour and works for 7 hours, how much money did they earn in a week (assuming a 5-day workweek)?",$875,$25 per hour x 7 hours x 5 days,Medium,
"If a worker earns $22 per hour and works for 6 hours, how much money did they earn in a week (assuming a 5-day workweek)?",$660,$22 per hour x 6 hours x 5 days,Medium,
"If a worker earns $30 per hour and works for 9 hours, how much money did they earn in a week (assuming a 5-day workweek)?",$1350,$30 per hour x 9 hours x 5 days,Medium,
"If a worker earns $12 per hour and works for 8 hours, what would be their monthly earnings (assuming a 4-week month)?",$384,$12 per hour x 8 hours x 20 workdays,Hard,
"If a worker earns $18 per hour and works for 7 hours, what would be their monthly earnings (assuming a 4-week month)?",$504,$18 per hour x 7 hours x 20 workdays,Hard,
"If a worker earns $20 per hour and works for 6 hours, what would be their monthly earnings (assuming a 4-week month)?",$480,$20 per hour x 6 hours x 20 workdays,Hard,
"If a worker earns $25 per hour and works for 9 hours, what would be their monthly earnings (assuming a 4-week month)?",$900,$25 per hour x 9 hours x 20 workdays,Hard,
A pipe can fill a tank in 6 hours. How long will it take to fill the tank if two such pipes are used together?,3 hours,"Since the pipes are working together, their combined rate of filling is double.",Easy,
A pipe can fill a tank in 8 hours. How long will it take to fill half the tank?,4 hours,"Since the tank is half the size, the time required to fill it will also be halved.",Easy,
A pipe can empty a tank in 9 hours. How long will it take to empty half the tank?,4.5 hours,"Since the tank is half the size, the time required to empty it will also be halved.",Easy,
A pipe can fill a tank in 5 hours. How long will it take to fill 1/3 of the tank?,1 hour and 40 minutes,Divide the total time by the fraction of the tank to be filled.,Easy,
A pipe can fill a tank in 10 hours. How long will it take to fill 2/3 of the tank?,6 hours and 40 minutes,Divide the total time by the fraction of the tank to be filled.,Easy,
A pipe can fill a tank in 12 hours. How long will it take to fill 3/4 of the tank?,9 hours,Divide the total time by the fraction of the tank to be filled.,Easy,
A pipe can fill a tank in 7 hours. How long will it take to fill 1/5 of the tank?,1 hour and 24 minutes,Divide the total time by the fraction of the tank to be filled.,Easy,
A pipe can empty a tank in 10 hours. How long will it take to empty 2/5 of the tank?,4 hours,Divide the total time by the fraction of the tank to be emptied.,Easy,
"A pipe can fill a tank in 4 hours, while another pipe can empty the same tank in 6 hours. How long will it take to fill the tank if both pipes are open simultaneously?",12 hours,"Find the reciprocal of the rates of filling and emptying, then add them to get the combined rate.",Medium,
"A pipe can fill a tank in 5 hours, while another pipe can empty the same tank in 10 hours. How long will it take to fill half the tank if both pipes are open simultaneously?",10 hours,"Find the reciprocal of the rates of filling and emptying, then multiply by the fraction of the tank to be filled.",Medium,
"A pipe can fill a tank in 8 hours, while another pipe can empty the same tank in 12 hours. How long will it take to fill 3/4 of the tank if both pipes are open simultaneously?",24 hours,"Find the reciprocal of the rates of filling and emptying, then multiply by the fraction of the tank to be filled.",Medium,
"A pipe can fill a tank in 6 hours, while another pipe can empty the same tank in 9 hours. How long will it take to fill 2/3 of the tank if both pipes are open simultaneously?",18 hours,"Find the reciprocal of the rates of filling and emptying, then multiply by the fraction of the tank to be filled.",Medium,
"A pipe can fill a tank in 12 hours. If it is opened for the first 4 hours and then closed, how long will it take to fill the remaining tank using another pipe that can fill the tank in 8 hours?",6 hours,Find the time required to fill the remaining fraction of the tank.,Medium,
"A pipe can fill a tank in 10 hours. If it is opened for the first 2 hours and then closed, how long will it take to fill the remaining tank using another pipe that can fill the tank in 5 hours?",6 hours,Find the time required to fill the remaining fraction of the tank.,Medium,
"A pipe can fill a tank in 8 hours. If it is opened for the first 6 hours and then closed, how long will it take to fill the remaining tank using another pipe that can fill the tank in 4 hours?",4 hours,Find the time required to fill the remaining fraction of the tank.,Medium,
"A pipe can fill a tank in 6 hours. If it is opened for the first 3 hours and then closed, how long will it take to fill the remaining tank using another pipe that can fill the tank in 9 hours?",6 hours,Find the time required to fill the remaining fraction of the tank.,Medium,
"A pipe can fill a tank in 10 hours. If it is opened for the first 2 hours, closed for the next 4 hours, and then opened again, how long will it take to fill the remaining tank?",6 hours,"Find the time required to fill the remaining fraction of the tank, considering the intervals.",Hard,
"A pipe can fill a tank in 8 hours. If it is opened for the first 3 hours, closed for the next 5 hours, and then opened again, how long will it take to fill the remaining tank?",4 hours,"Find the time required to fill the remaining fraction of the tank, considering the intervals.",Hard,
"A pipe can fill a tank in 6 hours. If it is opened for the first 4 hours, closed for the next 2 hours, and then opened again, how long will it take to fill the remaining tank?",3 hours,"Find the time required to fill the remaining fraction of the tank, considering the intervals.",Hard,
"A pipe can fill a tank in 12 hours. If it is opened for the first 6 hours, closed for the next 3 hours, and then opened again, how long will it take to fill the remaining tank?",3 hours,"Find the time required to fill the remaining fraction of the tank, considering the intervals.",Hard,
A car travels at a speed of 60 km/h. How far will it travel in 3 hours?,180 km,Distance = Speed × Time,Easy,
A train covers a distance of 400 km in 5 hours. What is its speed?,80 km/h,Speed = Distance ÷ Time,Easy,
A cyclist covers a distance of 40 km in 2 hours. What is their speed?,20 km/h,Speed = Distance ÷ Time,Easy,
A car travels at a speed of 75 km/h. How long will it take to cover a distance of 225 km?,3 hours,Time = Distance ÷ Speed,Easy,
A train covers a distance of 480 km in 6 hours. What is the average speed of the train?,80 km/h,Average Speed = Total Distance ÷ Total Time,Easy,
A cyclist covers a distance of 15 km in 1.5 hours. What is their average speed?,10 km/h,Average Speed = Total Distance ÷ Total Time,Easy,
A car travels a distance of 150 km in 2.5 hours. What is its average speed?,60 km/h,Average Speed = Total Distance ÷ Total Time,Easy,
A train travels at an average speed of 90 km/h for 4 hours. What distance does it cover?,360 km,Distance = Average Speed × Time,Easy,
A car travels a distance of 300 km at an average speed of 60 km/h. How long does it take?,5 hours,Time = Distance ÷ Average Speed,Medium,
A train travels at a speed of 80 km/h. How far will it travel in 2.5 hours?,200 km,Distance = Speed × Time,Medium,
A cyclist covers a distance of 75 km at an average speed of 15 km/h. How long does it take?,5 hours,Time = Distance ÷ Average Speed,Medium,
A car covers a distance of 240 km in 4 hours. What is its average speed?,60 km/h,Average Speed = Total Distance ÷ Total Time,Medium,
A train travels a distance of 480 km at an average speed of 60 km/h. How long does it take?,8 hours,Time = Distance ÷ Average Speed,Medium,
A cyclist covers a distance of 60 km in 3 hours. What is their average speed?,20 km/h,Average Speed = Total Distance ÷ Total Time,Medium,
A car travels a distance of 180 km at an average speed of 45 km/h. How long does it take?,4 hours,Time = Distance ÷ Average Speed,Medium,
A train travels at a speed of 100 km/h for 6 hours. What distance does it cover?,600 km,Distance = Speed × Time,Medium,
"A car and a bike start from the same point and travel in the same direction. The car travels at a speed of 80 km/h, while the bike travels at a speed of 20 km/h. How long will it take for the car to be 50 km ahead of the bike?",2.5 hours,"Find the relative speed between the car and the bike, then use the formula Distance = Speed × Time.",Hard,
"A train travels at a speed of 60 km/h for the first 4 hours, then increases its speed to 80 km/h for the next 3 hours. What is the total distance covered by the train?",460 km,"Calculate the distance covered in each time interval separately, then sum them up.",Hard,
"A car and a truck start from the same point and travel towards each other. The car travels at a speed of 60 km/h, while the truck travels at a speed of 40 km/h. If they are initially 400 km apart, how long will it take for them to meet?",5 hours,"Find the relative speed between the car and the truck, then use the formula Distance = Speed × Time.",Hard,
"A person walks from point A to point B at a speed of 5 km/h and returns from point B to point A at a speed of 4 km/h. If the total time taken for the round trip is 9 hours, what is the distance between point A and point B?",20 km,"Use the formula Time = Distance ÷ Speed to set up two equations, one for the forward trip and one for the return trip, then solve for the distance.",Hard,
A train travels a distance of 300 km at a speed of 60 km/h. How long will it take to complete the journey?,5 hours,Time = Distance ÷ Speed,Easy,
A boat can travel upstream at a speed of 10 km/h and downstream at a speed of 15 km/h. What is the boat's speed in still water?,12.5 km/h,Speed in still water = (Speed upstream + Speed downstream) ÷ 2,Easy,
A train travels a distance of 150 km at a speed of 50 km/h. How long will it take to complete the journey?,3 hours,Time = Distance ÷ Speed,Easy,
"A boat takes 3 hours to travel a distance of 60 km downstream. If the speed of the stream is 5 km/h, what is the speed of the boat in still water?",15 km/h,Speed of the boat in still water = Speed downstream - Speed of the stream,Easy,
A train travels a distance of 200 km at a speed of 80 km/h. How long will it take to complete the journey?,2.5 hours,Time = Distance ÷ Speed,Easy,
"A boat takes 4 hours to travel a distance of 36 km upstream. If the speed of the stream is 4 km/h, what is the speed of the boat in still water?",10 km/h,Speed of the boat in still water = Speed upstream + Speed of the stream,Easy,
A train travels a distance of 120 km at a speed of 40 km/h. How long will it take to complete the journey?,3 hours,Time = Distance ÷ Speed,Easy,
"A boat takes 2 hours to travel a distance of 20 km downstream. If the speed of the stream is 5 km/h, what is the speed of the boat in still water?",15 km/h,Speed of the boat in still water = Speed downstream - Speed of the stream,Easy,
"A train takes 6 seconds to cross a 150-meter-long platform. If the train's speed is 54 km/h, what is the length of the train?",90 meters,"Speed = Distance ÷ Time, Length of the train = Distance - Length of the platform",Medium,
"A boat takes 2 hours to travel a distance of 48 km downstream. If the speed of the stream is 4 km/h, what is the speed of the boat in still water?",16 km/h,Speed of the boat in still water = Speed downstream - Speed of the stream,Medium,
"A train takes 8 seconds to cross a 200-meter-long platform. If the train's speed is 72 km/h, what is the length of the train?",100 meters,"Speed = Distance ÷ Time, Length of the train = Distance - Length of the platform",Medium,
"A boat takes 3 hours to travel a distance of 30 km upstream. If the speed of the stream is 3 km/h, what is the speed of the boat in still water?",12 km/h,Speed of the boat in still water = Speed upstream + Speed of the stream,Medium,
"A train takes 10 seconds to cross a 250-meter-long platform. If the train's speed is 90 km/h, what is the length of the train?",150 meters,"Speed = Distance ÷ Time, Length of the train = Distance - Length of the platform",Medium,
"A boat takes 4 hours to travel a distance of 36 km downstream. If the speed of the stream is 6 km/h, what is the speed of the boat in still water?",15 km/h,Speed of the boat in still water = Speed downstream - Speed of the stream,Medium,
"A train takes 12 seconds to cross a 300-meter-long platform. If the train's speed is 108 km/h, what is the length of the train?",150 meters,"Speed = Distance ÷ Time, Length of the train = Distance - Length of the platform",Medium,
"A boat takes 3 hours to travel a distance of 30 km upstream. If the speed of the stream is 3 km/h, what is the speed of the boat in still water?",12 km/h,Speed of the boat in still water = Speed upstream + Speed of the stream,Medium,
"A train takes 12 seconds to cross a bridge of length 800 meters. If the train's speed is 108 km/h, what is the length of the train?",200 meters,"Speed = Distance ÷ Time, Length of the train = Distance - Length of the bridge",Hard,
"A boat takes 4 hours to travel a distance of 40 km downstream. If the speed of the stream is 10 km/h, what is the speed of the boat in still water?",20 km/h,Speed of the boat in still water = Speed downstream - Speed of the stream,Hard,
"A train takes 16 seconds to cross a bridge of length 1 km. If the train's speed is 72 km/h, what is the length of the train?",200 meters,"Speed = Distance ÷ Time, Length of the train = Distance - Length of the bridge",Hard,
"A boat takes 5 hours to travel a distance of 50 km upstream. If the speed of the stream is 5 km/h, what is the speed of the boat in still water?",15 km/h,Speed of the boat in still water = Speed upstream + Speed of the stream,Hard,
"A container contains a mixture of milk and water in the ratio 3:2. If the total quantity of the mixture is 40 liters, how many liters of milk are there?",24 liters,Milk quantity = (3/5) * 40 liters,Easy,
"In a solution, the ratio of sugar and water is 1:4. If there are 15 liters of water, how many liters of sugar are there?",3 liters,Sugar quantity = (1/5) * 15 liters,Easy,
"A mixture of salt and sugar is in the ratio 2:5. If there are 28 grams of salt, how many grams of sugar are there?",70 grams,Sugar quantity = (5/2) * 28 grams,Easy,
"A solution is made by mixing two liquids in the ratio 3:7. If there are 45 liters of the mixture, how much of the second liquid is needed?",31.5 liters,Second liquid quantity = (7/10) * 45 liters,Easy,
"A mixture of petrol and diesel is in the ratio 4:3. If there are 28 liters of diesel, how many liters of petrol are there?",32 liters,Petrol quantity = (4/3) * 28 liters,Easy,
"A solution is made by mixing two liquids in the ratio 1:3. If there are 20 liters of the mixture, how much of the second liquid is needed?",15 liters,Second liquid quantity = (3/4) * 20 liters,Easy,
"A mixture of two types of nuts is in the ratio 2:5. If there are 16 ounces of the first type, how many ounces of the second type are there?",40 ounces,Second type quantity = (5/2) * 16 ounces,Easy,
"A solution is made by mixing two liquids in the ratio 3:8. If there are 60 liters of the mixture, how much of the second liquid is needed?",40 liters,Second liquid quantity = (8/11) * 60 liters,Easy,
"A mixture of milk and water is in the ratio 5:3. If there are 24 liters of the mixture, how many liters of milk are there?",15 liters,Milk quantity = (5/8) * 24 liters,Medium,
"In a solution, the ratio of alcohol and water is 2:7. If there are 35 liters of water, how many liters of alcohol are there?",10 liters,Alcohol quantity = (2/9) * 35 liters,Medium,
"A mixture of two types of nuts is in the ratio 3:4. If there are 21 ounces of the first type, how many ounces of the second type are there?",28 ounces,Second type quantity = (4/3) * 21 ounces,Medium,
"A solution is made by mixing two liquids in the ratio 2:5. If there are 75 liters of the mixture, how much of the second liquid is needed?",50 liters,Second liquid quantity = (5/7) * 75 liters,Medium,
"A mixture of two types of nuts is in the ratio 5:9. If there are 35 ounces of the first type, how many ounces of the second type are there?",63 ounces,Second type quantity = (9/5) * 35 ounces,Medium,
"A mixture of petrol and diesel is in the ratio 3:2. If there are 40 liters of diesel, how many liters of petrol are there?",60 liters,Petrol quantity = (3/2) * 40 liters,Medium,
"A solution is made by mixing two liquids in the ratio 1:5. If there are 50 liters of the mixture, how much of the second liquid is needed?",41.67 liters,Second liquid quantity = (5/6) * 50 liters,Medium,
"A mixture of milk and water is in the ratio 7:3. If there are 21 liters of the mixture, how many liters of milk are there?",14 liters,Milk quantity = (7/10) * 21 liters,Hard,
"In a solution, the ratio of alcohol and water is 3:8. If there are 64 liters of water, how many liters of alcohol are there?",24 liters,Alcohol quantity = (3/11) * 64 liters,Hard,
"A mixture of two types of nuts is in the ratio 2:7. If there are 28 ounces of the first type, how many ounces of the second type are there?",98 ounces,Second type quantity = (7/2) * 28 ounces,Hard,
"A solution is made by mixing two liquids in the ratio 5:9. If there are 180 liters of the mixture, how much of the second liquid is needed?",140 liters,Second liquid quantity = (9/14) * 180 liters,Hard,
"A mixture of petrol and diesel is in the ratio 7:4. If there are 80 liters of diesel, how many liters of petrol are there?",140 liters,Petrol quantity = (7/4) * 80 liters,Hard,
"A computer science student borrowed $2,000 from a friend at an interest rate of 5% per annum. How much interest will the student pay after 3 years?",$300,Simple Interest = (Principal * Rate * Time) / 100 = (2000 * 5 * 3) / 100 = $300,Easy,
"A software developer invested $5,000 in a fixed deposit account with an interest rate of 4.5% per annum. How much interest will the developer earn after 2 years?",$450,Simple Interest = (Principal * Rate * Time) / 100 = (5000 * 4.5 * 2) / 100 = $450,Easy,
"A company borrowed $10,000 from a bank at an interest rate of 6% per annum. If the loan is repaid after 5 years, how much interest will the company pay?","$3,000","Simple Interest = (Principal * Rate * Time) / 100 = (10000 * 6 * 5) / 100 = $3,000",Easy,
"A software engineer deposited $3,500 in a savings account that offers an annual interest rate of 3.25%. How much interest will the engineer earn after 1 year?",$113.75,Simple Interest = (Principal * Rate * Time) / 100 = (3500 * 3.25 * 1) / 100 = $113.75,Easy,
"A computer science student borrowed $1,200 from a family member at a simple interest rate of 8% per annum. If the student repays the loan after 2 years, how much interest will be paid?",$192,Simple Interest = (Principal * Rate * Time) / 100 = (1200 * 8 * 2) / 100 = $192,Easy,
"A software developer took a loan of $15,000 from a bank at an annual interest rate of 7.5%. If the loan is repaid after 3 years, how much will the developer have to pay back in total?","$18,225","Total Amount = Principal + Simple Interest = Principal + (Principal * Rate * Time) / 100 = 15000 + (15000 * 7.5 * 3) / 100 = $18,225",Medium,
"A company borrowed $50,000 from a financial institution at an interest rate of 6.5% per annum. If the loan is repaid after 4 years, how much interest will the company pay?","$13,000","Simple Interest = (Principal * Rate * Time) / 100 = (50000 * 6.5 * 4) / 100 = $13,000",Medium,
"A software engineer deposited $8,000 in a fixed deposit account with an interest rate of 5.75% per annum. How much interest will the engineer earn after 3 years?","$1,380","Simple Interest = (Principal * Rate * Time) / 100 = (8000 * 5.75 * 3) / 100 = $1,380",Medium,
"A computer science student borrowed $5,500 from a friend at an interest rate of 9% per annum. If the student repays the loan after 4 years, how much interest will be paid?","$1,980","Simple Interest = (Principal * Rate * Time) / 100 = (5500 * 9 * 4) / 100 = $1,980",Medium,
"A company borrowed $30,000 from a bank at a simple interest rate of 7% per annum. If the loan is repaid after 5 years, how much interest will the company pay?","$10,500","Simple Interest = (Principal * Rate * Time) / 100 = (30000 * 7 * 5) / 100 = $10,500",Medium,
"A software developer invested $20,000 in a fixed deposit account with an interest rate of 6.5% per annum. If the interest earned is $1,950, for how long was the money invested?",3 years,"Simple Interest = (Principal * Rate * Time) / 100, 1950 = (20000 * 6.5 * Time) / 100, Time = (1950 * 100) / (20000 * 6.5) = 3 years",Hard,
"A company borrowed $100,000 from a financial institution at an interest rate of 8.25% per annum. If the interest paid is $27,750, for how long was the loan taken?",3 years,"Simple Interest = (Principal * Rate * Time) / 100, 27750 = (100000 * 8.25 * Time) / 100, Time = (27750 * 100) / (100000 * 8.25) = 3 years",Hard,
"A computer science student borrowed $10,000 from a family member at an interest rate of 10% per annum. If the interest paid is $2,500, for how long was the loan taken?",2.5 years,"Simple Interest = (Principal * Rate * Time) / 100, 2500 = (10000 * 10 * Time) / 100, Time = (2500 * 100) / (10000 * 10) = 2.5 years",Hard,
"A software engineer deposited $15,000 in a savings account that offers an annual interest rate of 4%. If the interest earned is $1,200, for how long was the money invested?",2 years,"Simple Interest = (Principal * Rate * Time) / 100, 1200 = (15000 * 4 * Time) / 100, Time = (1200 * 100) / (15000 * 4) = 2 years",Hard,
"A company borrowed $50,000 from a bank at an interest rate of 6% per annum. If the interest paid is $18,000, for how long was the loan taken?",5 years,"Simple Interest = (Principal * Rate * Time) / 100, 18000 = (50000 * 6 * Time) / 100, Time = (18000 * 100) / (50000 * 6) = 5 years",Hard,
A shopkeeper bought a shirt for $40 and sold it for $50. What is the profit percentage?,25%,Profit = Selling Price - Cost Price = $50 - $40 = $10. Profit Percentage = (Profit / Cost Price) * 100 = (10 / 40) * 100 = 25%,Easy,
A product is marked up by 20% and then discounted by 10%. What is the net percentage change?,8% increase,Net percentage change = (Markup% - Discount%) / (100 + Markup%) * 100 = (20% - 10%) / (100 + 20%) * 100 = 8%,Easy,
"A trader incurs a loss of 15% while selling an item. If the selling price is $340, what was the cost price?",$400,Loss = Cost Price - Selling Price = Cost Price - $340. Loss Percentage = (Loss / Cost Price) * 100 = 15%. Solving these equations gives Cost Price = $400,Easy,
"A mobile phone is sold for $450, resulting in a loss of 10%. What was the cost price?",$500,Loss = Cost Price - Selling Price = Cost Price - $450. Loss Percentage = (Loss / Cost Price) * 100 = 10%. Solving these equations gives Cost Price = $500,Easy,
A laptop is bought for $800 and sold at a profit of 20%. What is the selling price?,$960,Profit = Selling Price - Cost Price = Selling Price - $800. Profit Percentage = (Profit / Cost Price) * 100 = 20%. Solving these equations gives Selling Price = $960,Easy,
A book is sold at a loss of 25% for $30. What was the cost price of the book?,$40,Loss = Cost Price - Selling Price = Cost Price - $30. Loss Percentage = (Loss / Cost Price) * 100 = 25%. Solving these equations gives Cost Price = $40,Easy,
"A car is bought for $20,000 and sold for $18,000. What is the loss percentage?",10%,"Loss = Cost Price - Selling Price = $20,000 - $18,000 = $2,000. Loss Percentage = (Loss / Cost Price) * 100 = (2,000 / 20,000) * 100 = 10%",Easy,
"A product is sold at a profit of 30%. If the selling price is $650, what is the cost price?",$500,Profit = Selling Price - Cost Price = $650 - Cost Price. Profit Percentage = (Profit / Cost Price) * 100 = 30%. Solving these equations gives Cost Price = $500,Easy,
"A trader sells an item for $225, incurring a loss of 20%. What was the cost price?",$281.25,Loss = Cost Price - Selling Price = Cost Price - $225. Loss Percentage = (Loss / Cost Price) * 100 = 20%. Solving these equations gives Cost Price = $281.25,Medium,
"A computer is sold at a profit of 15%. If the selling price is $1,150, what is the cost price?","$1,000","Profit = Selling Price - Cost Price = $1,150 - Cost Price. Profit Percentage = (Profit / Cost Price) * 100 = 15%. Solving these equations gives Cost Price = $1,000",Medium,
A product is marked up by 25% and then discounted by 20%. What is the net percentage change?,2% increase,Net percentage change = (Markup% - Discount%) / (100 + Markup%) * 100 = (25% - 20%) / (100 + 25%) * 100 = 2%,Medium,
"A trader sells an item for $90, incurring a loss of 10%. What was the cost price?",$100,Loss = Cost Price - Selling Price = Cost Price - $90. Loss Percentage = (Loss / Cost Price) * 100 = 10%. Solving these equations gives Cost Price = $100,Medium,
"A mobile phone is sold for $600, resulting in a profit of 25%. What was the cost price?",$480,Profit = Selling Price - Cost Price = $600 - Cost Price. Profit Percentage = (Profit / Cost Price) * 100 = 25%. Solving these equations gives Cost Price = $480,Medium,
"A book is sold at a profit of 20%. If the selling price is $48, what was the cost price of the book?",$40,Profit = Selling Price - Cost Price = $48 - Cost Price. Profit Percentage = (Profit / Cost Price) * 100 = 20%. Solving these equations gives Cost Price = $40,Medium,
"A trader sells an item at a profit of 12.5%. If the selling price is $450, what was the cost price?",$400,Profit = Selling Price - Cost Price = $450 - Cost Price. Profit Percentage = (Profit / Cost Price) * 100 = 12.5%. Solving these equations gives Cost Price = $400,Medium,
"A car is bought for $25,000 and sold at a profit of 15%. What is the selling price?","$28,750","Profit = Selling Price - Cost Price = Selling Price - $25,000. Profit Percentage = (Profit / Cost Price) * 100 = 15%. Solving these equations gives Selling Price = $28,750",Medium,
"A product is sold at a loss of 15%. If the selling price is $68, what is the cost price?",$80,Loss = Cost Price - Selling Price = Cost Price - $68. Loss Percentage = (Loss / Cost Price) * 100 = 15%. Solving these equations gives Cost Price = $80,Medium,
"A trader incurs a loss of 20% while selling an item. If the selling price is $180, what was the cost price?",$225,Loss = Cost Price - Selling Price = Cost Price - $180. Loss Percentage = (Loss / Cost Price) * 100 = 20%. Solving these equations gives Cost Price = $225,Medium,
"A laptop is bought for $1,500 and sold at a profit of 10%. What is the selling price?","$1,650","Profit = Selling Price - Cost Price = Selling Price - $1,500. Profit Percentage = (Profit / Cost Price) * 100 = 10%. Solving these equations gives Selling Price = $1,650",Medium,
"A book is sold at a profit of 25%. If the selling price is $100, what was the cost price of the book?",$80,Profit = Selling Price - Cost Price = $100 - Cost Price. Profit Percentage = (Profit / Cost Price) * 100 = 25%. Solving these equations gives Cost Price = $80,Medium,
"A trader sells an item for $280, incurring a loss of 12.5%. What was the cost price?",$320,Loss = Cost Price - Selling Price = Cost Price - $280. Loss Percentage = (Loss / Cost Price) * 100 = 12.5%. Solving these equations gives Cost Price = $320,Medium,
"A computer is sold at a profit of 12.5%. If the selling price is $700, what is the cost price?",$625,Profit = Selling Price - Cost Price = $700 - Cost Price. Profit Percentage = (Profit / Cost Price) * 100 = 12.5%. Solving these equations gives Cost Price = $625,Medium,
"A product is sold at a loss of 12.5%. If the selling price is $350, what is the cost price?",$400,Loss = Cost Price - Selling Price = Cost Price - $350. Loss Percentage = (Loss / Cost Price) * 100 = 12.5%. Solving these equations gives Cost Price = $400,Medium,
"A trader incurs a loss of 20% while selling an item. If the selling price is $240, what was the cost price?",$300,Loss = Cost Price - Selling Price = Cost Price - $240. Loss Percentage = (Loss / Cost Price) * 100 = 20%. Solving these equations gives Cost Price = $300,Medium,
A laptop is bought for $900 and sold at a profit of 20%. What is the selling price?,"$1,080","Profit = Selling Price - Cost Price = Selling Price - $900. Profit Percentage = (Profit / Cost Price) * 100 = 20%. Solving these equations gives Selling Price = $1,080",Medium,
"A book is sold at a profit of 30%. If the selling price is $78, what was the cost price of the book?",$60,Profit = Selling Price - Cost Price = $78 - Cost Price. Profit Percentage = (Profit / Cost Price) * 100 = 30%. Solving these equations gives Cost Price = $60,Medium,
"A trader sells an item for $375, incurring a loss of 15%. What was the cost price?",$441.18,Loss = Cost Price - Selling Price = Cost Price - $375. Loss Percentage = (Loss / Cost Price) * 100 = 15%. Solving these equations gives Cost Price = $441.18,Medium,
"A computer is sold at a profit of 15%. If the selling price is $1,050, what is the cost price?",$913.04,"Profit = Selling Price - Cost Price = $1,050 - Cost Price. Profit Percentage = (Profit / Cost Price) * 100 = 15%. Solving these equations gives Cost Price = $913.04",Hard,
"A product is sold at a loss of 5%. If the selling price is $380, what is the cost price?",$400,Loss = Cost Price - Selling Price = Cost Price - $380. Loss Percentage = (Loss / Cost Price) * 100 = 5%. Solving these equations gives Cost Price = $400,Hard,
"A product is sold at a profit of 30%. If the selling price is $780, what is the cost price?",$600,Profit = Selling Price - Cost Price = $780 - Cost Price. Profit Percentage = (Profit / Cost Price) * 100 = 30%. Solving these equations gives Cost Price = $600,Hard,
"What is the compound interest on $5,000 at an annual interest rate of 8% for 3 years?","$1,227.04","Compound Interest = P * (1 + r/n)^(nt) - P, where P is the principal amount, r is the annual interest rate, n is the number of times interest is compounded per year, and t is the number of years. In this case, P = $5,000, r = 8%, n = 1 (compounded annually), and t = 3 years. Plugging in these values gives Compound Interest = $5,000 * (1 + 0.08/1)^(1 * 3) - $5,000 = $1,227.04",Easy,
"What is the compound interest on $10,000 at an annual interest rate of 6% for 2 years, compounded semi-annually?","$1,237.18","Compound Interest = P * (1 + r/n)^(nt) - P, where P is the principal amount, r is the annual interest rate, n is the number of times interest is compounded per year, and t is the number of years. In this case, P = $10,000, r = 6%, n = 2 (compounded semi-annually), and t = 2 years. Plugging in these values gives Compound Interest = $10,000 * (1 + 0.06/2)^(2 * 2) - $10,000 = $1,237.18",Easy,
"What is the compound interest on $2,500 at an annual interest rate of 5.5% for 5 years, compounded quarterly?",$795.41,"Compound Interest = P * (1 + r/n)^(nt) - P, where P is the principal amount, r is the annual interest rate, n is the number of times interest is compounded per year, and t is the number of years. In this case, P = $2,500, r = 5.5%, n = 4 (compounded quarterly), and t = 5 years. Plugging in these values gives Compound Interest = $2,500 * (1 + 0.055/4)^(4 * 5) - $2,500 = $795.41",Easy,
"What is the compound interest on $15,000 at an annual interest rate of 7% for 4 years, compounded monthly?","$5,267.68","Compound Interest = P * (1 + r/n)^(nt) - P, where P is the principal amount, r is the annual interest rate, n is the number of times interest is compounded per year, and t is the number of years. In this case, P = $15,000, r = 7%, n = 12 (compounded monthly), and t = 4 years. Plugging in these values gives Compound Interest = $15,000 * (1 + 0.07/12)^(12 * 4) - $15,000 = $5,267.68",Medium,
"What is the compound interest on $8,000 at an annual interest rate of 9% for 6 years, compounded semi-annually?","$5,193.05","Compound Interest = P * (1 + r/n)^(nt) - P, where P is the principal amount, r is the annual interest rate, n is the number of times interest is compounded per year, and t is the number of years. In this case, P = $8,000, r = 9%, n = 2 (compounded semi-annually), and t = 6 years. Plugging in these values gives Compound Interest = $8,000 * (1 + 0.09/2)^(2 * 6) - $8,000 = $5,193.05",Medium,
"What is the compound interest on $12,500 at an annual interest rate of 4.5% for 3 years, compounded quarterly?","$1,579.15","Compound Interest = P * (1 + r/n)^(nt) - P, where P is the principal amount, r is the annual interest rate, n is the number of times interest is compounded per year, and t is the number of years. In this case, P = $12,500, r = 4.5%, n = 4 (compounded quarterly), and t = 3 years. Plugging in these values gives Compound Interest = $12,500 * (1 + 0.045/4)^(4 * 3) - $12,500 = $1,579.15",Medium,
"What is the compound interest on $20,000 at an annual interest rate of 8.5% for 5 years, compounded monthly?","$11,622.86","Compound Interest = P * (1 + r/n)^(nt) - P, where P is the principal amount, r is the annual interest rate, n is the number of times interest is compounded per year, and t is the number of years. In this case, P = $20,000, r = 8.5%, n = 12 (compounded monthly), and t = 5 years. Plugging in these values gives Compound Interest = $20,000 * (1 + 0.085/12)^(12 * 5) - $20,000 = $11,622.86",Medium,
"What is the compound interest on $5,000 at an annual interest rate of 6.5% for 2 years, compounded annually?",$699.14,"Compound Interest = P * (1 + r/n)^(nt) - P, where P is the principal amount, r is the annual interest rate, n is the number of times interest is compounded per year, and t is the number of years. In this case, P = $5,000, r = 6.5%, n = 1 (compounded annually), and t = 2 years. Plugging in these values gives Compound Interest = $5,000 * (1 + 0.065/1)^(1 * 2) - $5,000 = $699.14",Medium,
"What is the compound interest on $10,000 at an annual interest rate of 7% for 4 years, compounded semi-annually?","$3,440.10","Compound Interest = P * (1 + r/n)^(nt) - P, where P is the principal amount, r is the annual interest rate, n is the number of times interest is compounded per year, and t is the number of years. In this case, P = $10,000, r = 7%, n = 2 (compounded semi-annually), and t = 4 years. Plugging in these values gives Compound Interest = $10,000 * (1 + 0.07/2)^(2 * 4) - $10,000 = $3,440.10",Medium,
"What is the compound interest on $2,500 at an annual interest rate of 6% for 3 years, compounded quarterly?",$459.92,"Compound Interest = P * (1 + r/n)^(nt) - P, where P is the principal amount, r is the annual interest rate, n is the number of times interest is compounded per year, and t is the number of years. In this case, P = $2,500, r = 6%, n = 4 (compounded quarterly), and t = 3 years. Plugging in these values gives Compound Interest = $2,500 * (1 + 0.06/4)^(4 * 3) - $2,500 = $459.92",Medium,
"What is the compound interest on $15,000 at an annual interest rate of 8% for 5 years, compounded monthly?","$7,806.03","Compound Interest = P * (1 + r/n)^(nt) - P, where P is the principal amount, r is the annual interest rate, n is the number of times interest is compounded per year, and t is the number of years. In this case, P = $15,000, r = 8%, n = 12 (compounded monthly), and t = 5 years. Plugging in these values gives Compound Interest = $15,000 * (1 + 0.08/12)^(12 * 5) - $15,000 = $7,806.03",Hard,
"What is the compound interest on $8,000 at an annual interest rate of 10% for 6 years, compounded semi-annually?","$6,384.80","Compound Interest = P * (1 + r/n)^(nt) - P, where P is the principal amount, r is the annual interest rate, n is the number of times interest is compounded per year, and t is the number of years. In this case, P = $8,000, r = 10%, n = 2 (compounded semi-annually), and t = 6 years. Plugging in these values gives Compound Interest = $8,000 * (1 + 0.1/2)^(2 * 6) - $8,000 = $6,384.80",Hard,
"What is the compound interest on $12,500 at an annual interest rate of 5.5% for 4 years, compounded quarterly?","$1,778.59","Compound Interest = P * (1 + r/n)^(nt) - P, where P is the principal amount, r is the annual interest rate, n is the number of times interest is compounded per year, and t is the number of years. In this case, P = $12,500, r = 5.5%, n = 4 (compounded quarterly), and t = 4 years. Plugging in these values gives Compound Interest = $12,500 * (1 + 0.055/4)^(4 * 4) - $12,500 = $1,778.59",Hard,
"What is the compound interest on $20,000 at an annual interest rate of 7.5% for 5 years, compounded monthly?","$12,755.37","Compound Interest = P * (1 + r/n)^(nt) - P, where P is the principal amount, r is the annual interest rate, n is the number of times interest is compounded per year, and t is the number of years. In this case, P = $20,000, r = 7.5%, n = 12 (compounded monthly), and t = 5 years. Plugging in these values gives Compound Interest = $20,000 * (1 + 0.075/12)^(12 * 5) - $20,000 = $12,755.37",Hard,
"What is the compound interest on $5,000 at an annual interest rate of 7% for 2 years, compounded annually?",$735.00,"Compound Interest = P * (1 + r/n)^(nt) - P, where P is the principal amount, r is the annual interest rate, n is the number of times interest is compounded per year, and t is the number of years. In this case, P = $5,000, r = 7%, n = 1 (compounded annually), and t = 2 years. Plugging in these values gives Compound Interest = $5,000 * (1 + 0.07/1)^(1 * 2) - $5,000 = $735.00",Hard,
"What is the compound interest on $10,000 at an annual interest rate of 8% for 4 years, compounded semi-annually?","$3,854.48","Compound Interest = P * (1 + r/n)^(nt) - P, where P is the principal amount, r is the annual interest rate, n is the number of times interest is compounded per year, and t is the number of years. In this case, P = $10,000, r = 8%, n = 2 (compounded semi-annually), and t = 4 years. Plugging in these values gives Compound Interest = $10,000 * (1 + 0.08/2)^(2 * 4) - $10,000 = $3,854.48",Hard,
"What is the compound interest on $2,500 at an annual interest rate of 6.5% for 3 years, compounded quarterly?",$456.90,"Compound Interest = P * (1 + r/n)^(nt) - P, where P is the principal amount, r is the annual interest rate, n is the number of times interest is compounded per year, and t is the number of years. In this case, P = $2,500, r = 6.5%, n = 4 (compounded quarterly), and t = 3 years. Plugging in these values gives Compound Interest = $2,500 * (1 + 0.065/4)^(4 * 3) - $2,500 = $456.90",Hard,
"What is the compound interest on $15,000 at an annual interest rate of 9% for 5 years, compounded monthly?","$9,244.87","Compound Interest = P * (1 + r/n)^(nt) - P, where P is the principal amount, r is the annual interest rate, n is the number of times interest is compounded per year, and t is the number of years. In this case, P = $15,000, r = 9%, n = 12 (compounded monthly), and t = 5 years. Plugging in these values gives Compound Interest = $15,000 * (1 + 0.09/12)^(12 * 5) - $15,000 = $9,244.87",Hard,
"What is the compound interest on $8,000 at an annual interest rate of 11% for 6 years, compounded semi-annually?","$6,872.29","Compound Interest = P * (1 + r/n)^(nt) - P, where P is the principal amount, r is the annual interest rate, n is the number of times interest is compounded per year, and t is the number of years. In this case, P = $8,000, r = 11%, n = 2 (compounded semi-annually), and t = 6 years. Plugging in these values gives Compound Interest = $8,000 * (1 + 0.11/2)^(2 * 6) - $8,000 = $6,872.29",Hard,
"What is the compound interest on $12,500 at an annual interest rate of 6.5% for 4 years, compounded quarterly?","$1,860.48","Compound Interest = P * (1 + r/n)^(nt) - P, where P is the principal amount, r is the annual interest rate, n is the number of times interest is compounded per year, and t is the number of years. In this case, P = $12,500, r = 6.5%, n = 4 (compounded quarterly), and t = 4 years. Plugging in these values gives Compound Interest = $12,500 * (1 + 0.065/4)^(4 * 4) - $12,500 = $1,860.48",Hard,
"What is the compound interest on $20,000 at an annual interest rate of 8.5% for 5 years, compounded monthly?","$13,008.64","Compound Interest = P * (1 + r/n)^(nt) - P, where P is the principal amount, r is the annual interest rate, n is the number of times interest is compounded per year, and t is the number of years. In this case, P = $20,000, r = 8.5%, n = 12 (compounded monthly), and t = 5 years. Plugging in these values gives Compound Interest = $20,000 * (1 + 0.085/12)^(12 * 5) - $20,000 = $13,008.64",Hard,
"What is the compound interest on $5,000 at an annual interest rate of 7.5% for 2 years, compounded annually?",$754.68,"Compound Interest = P * (1 + r/n)^(nt) - P, where P is the principal amount, r is the annual interest rate, n is the number of times interest is compounded per year, and t is the number of years. In this case, P = $5,000, r = 7.5%, n = 1 (compounded annually), and t = 2 years. Plugging in these values gives Compound Interest = $5,000 * (1 + 0.075/1)^(1 * 2) - $5,000 = $754.68",Hard,
"What is the compound interest on $10,000 at an annual interest rate of 9% for 4 years, compounded semi-annually?","$4,358.17","Compound Interest = P * (1 + r/n)^(nt) - P, where P is the principal amount, r is the annual interest rate, n is the number of times interest is compounded per year, and t is the number of years. In this case, P = $10,000, r = 9%, n = 2 (compounded semi-annually), and t = 4 years. Plugging in these values gives Compound Interest = $10,000 * (1 + 0.09/2)^(2 * 4) - $10,000 = $4,358.17",Hard,
"What is the compound interest on $2,500 at an annual interest rate of 7% for 3 years, compounded quarterly?",$462.21,"Compound Interest = P * (1 + r/n)^(nt) - P, where P is the principal amount, r is the annual interest rate, n is the number of times interest is compounded per year, and t is the number of years. In this case, P = $2,500, r = 7%, n = 4 (compounded quarterly), and t = 3 years. Plugging in these values gives Compound Interest = $2,500 * (1 + 0.07/4)^(4 * 3) - $2,500 = $462.21",Hard,
"What is the compound interest on $15,000 at an annual interest rate of 10% for 5 years, compounded monthly?","$9,646.18","Compound Interest = P * (1 + r/n)^(nt) - P, where P is the principal amount, r is the annual interest rate, n is the number of times interest is compounded per year, and t is the number of years. In this case, P = $15,000, r = 10%, n = 12 (compounded monthly), and t = 5 years. Plugging in these values gives Compound Interest = $15,000 * (1 + 0.1/12)^(12 * 5) - $15,000 = $9,646.18",Hard,
"What is the compound interest on $8,000 at an annual interest rate of 12% for 6 years, compounded semi-annually?","$7,033.85","Compound Interest = P * (1 + r/n)^(nt) - P, where P is the principal amount, r is the annual interest rate, n is the number of times interest is compounded per year, and t is the number of years. In this case, P = $8,000, r = 12%, n = 2 (compounded semi-annually), and t = 6 years. Plugging in these values gives Compound Interest = $8,000 * (1 + 0.12/2)^(2 * 6) - $8,000 = $7,033.85",Hard,
"What is the compound interest on $12,500 at an annual interest rate of 8.5% for 4 years, compounded quarterly?","$2,015.67","Compound Interest = P * (1 + r/n)^(nt) - P, where P is the principal amount, r is the annual interest rate, n is the number of times interest is compounded per year, and t is the number of years. In this case, P = $12,500, r = 8.5%, n = 4 (compounded quarterly), and t = 4 years. Plugging in these values gives Compound Interest = $12,500 * (1 + 0.085/4)^(4 * 4) - $12,500 = $2,015.67",Hard,
"What is the compound interest on $20,000 at an annual interest rate of 9% for 5 years, compounded monthly?","$14,612.47","Compound Interest = P * (1 + r/n)^(nt) - P, where P is the principal amount, r is the annual interest rate, n is the number of times interest is compounded per year, and t is the number of years. In this case, P = $20,000, r = 9%, n = 12 (compounded monthly), and t = 5 years. Plugging in these values gives Compound Interest = $20,000 * (1 + 0.09/12)^(12 * 5) - $20,000 = $14,612.47",Hard,
"What is the compound interest on $5,000 at an annual interest rate of 8% for 2 years, compounded annually?",$820.00,"Compound Interest = P * (1 + r/n)^(nt) - P, where P is the principal amount, r is the annual interest rate, n is the number of times interest is compounded per year, and t is the number of years. In this case, P = $5,000, r = 8%, n = 1 (compounded annually), and t = 2 years. Plugging in these values gives Compound Interest = $5,000 * (1 + 0.08/1)^(1 * 2) - $5,000 = $820.00",Hard,
"What is the compound interest on $10,000 at an annual interest rate of 10% for 4 years, compounded semi-annually?","$4,477.46","Compound Interest = P * (1 + r/n)^(nt) - P, where P is the principal amount, r is the annual interest rate, n is the number of times interest is compounded per year, and t is the number of years. In this case, P = $10,000, r = 10%, n = 2 (compounded semi-annually), and t = 4 years. Plugging in these values gives Compound Interest = $10,000 * (1 + 0.1/2)^(2 * 4) - $10,000 = $4,477.46",Hard,
"What is the compound interest on $2,500 at an annual interest rate of 7.5% for 3 years, compounded quarterly?",$461.49,"Compound Interest = P * (1 + r/n)^(nt) - P, where P is the principal amount, r is the annual interest rate, n is the number of times interest is compounded per year, and t is the number of years. In this case, P = $2,500, r = 7.5%, n = 4 (compounded quarterly), and t = 3 years. Plugging in these values gives Compound Interest = $2,500 * (1 + 0.075/4)^(4 * 3) - $2,500 = $461.49",Hard,
"What is the compound interest on $15,000 at an annual interest rate of 12% for 5 years, compounded monthly?","$10,292.93","Compound Interest = P * (1 + r/n)^(nt) - P, where P is the principal amount, r is the annual interest rate, n is the number of times interest is compounded per year, and t is the number of years. In this case, P = $15,000, r = 12%, n = 12 (compounded monthly), and t = 5 years. Plugging in these values gives Compound Interest = $15,000 * (1 + 0.12/12)^(12 * 5) - $15,000 = $10,292.93",Hard,
