Question,Answer,Explanation,Paraphrase 1,Paraphrase 2,Paraphrase 3,Difficulty Level,Hint
"What is the output of the following code snippet?

printf(""%d"", sizeof(int));",4,"The output is 4, which represents the size of an integer in bytes. The sizeof operator in C returns the size of a data type in bytes, so sizeof(int) returns 4, which is the size of an integer.","When this code is executed, it will output 4, which is the size of an integer data type in bytes.","The code will print the value 4, indicating the size of an integer in bytes.","Printing the result of sizeof(int) will display 4, representing the number of bytes occupied by an integer.",Easy,
"What is the output of the following code snippet?


int x = 5;
int y = x++ + ++x;
printf(""%d %d"", x, y);",7 11,"The code snippet demonstrates the use of post-increment (x++) and pre-increment (++x) operators. The expression x++ + ++x involves both operators, and the final values assigned to x and y are 7 and 11, respectively.","The code will output ""7 11"" because the post-increment operator (x++) increments x after the expression evaluation, and the pre-increment operator (++x) increments x before the expression evaluation.","After executing the code, the value of x becomes 7, and y is assigned the sum of the original x value (5) and the incremented x value (6), resulting in 11.","By combining post-increment and pre-increment operators, the code assigns the values 7 and 11 to x and y, respectively, which will be displayed as the output.",Easy,
"What is the output of the following code snippet?


int x = 5;
int y = ++x * 2;
printf(""%d %d"", x, y);",6 12,"The code snippet demonstrates the use of the pre-increment operator (++x) and multiplication operator (*). The expression ++x * 2 increments x before multiplication, resulting in x being 6 and y being assigned the value of 12.","The output of the code will be ""6 12"" because the pre-increment operator (++x) increases the value of x to 6 before multiplying it by 2, yielding the value 12 for y.","After executing the code, the value of x becomes 6 due to the pre-increment operation, and y is assigned the result of multiplying the incremented x value (6) by 2, which is 12.","The code snippet increments x to 6 using the pre-increment operator, and then y is calculated as twice the value of the incremented x, resulting in x being 6 and y being 12.",Easy,
"What is the output of the following code snippet?

int x = 5;
int y = (x > 3) ? 10 : 15;
printf(""%d"", y);",10,"The code snippet uses the conditional operator (?:) to assign a value to y based on the result of the condition x > 3. Since x is 5 and 5 is greater than 3, y is assigned the value 10.","The output will be 10 because the conditional operator (?:) evaluates the condition x > 3 as true, resulting in y being assigned the value 10.","By using the conditional operator, the code assigns 10 to y since the condition x > 3 is true when x is 5.","The value of y is determined by the conditional expression (x > 3 ? 10 : 15), which evaluates to 10 because x is greater than 3.",Easy,
"What is the output of the following code snippet?


int arr[5];
printf(""%d"", arr[2]);",Undefined (garbage value),"The code declares an integer array arr of size 5. However, the array elements are uninitialized, so accessing arr[2] will result in an undefined value (garbage value) since the array elements have not been assigned any specific values.","The output will be an undefined value (garbage value) because the array arr is declared but not initialized, resulting in unpredictable contents in arr[2].","Since the array elements are uninitialized, accessing arr[2] will produce an undefined value or garbage value.","The code snippet does not initialize the elements of the array arr, so accessing arr[2] will yield an unpredictable value that could be any arbitrary value residing in memory.",Easy,
"What is the output of the following code snippet?


int a = 10;
int b = 0;
int result = a / b;
printf(""%d"", result);",Error - Division by zero (runtime error),"The code attempts to divide a by b, where b is assigned a value of 0. Division by zero is an illegal operation in mathematics, leading to a runtime error.","Division by zero is not permissible in mathematics, so when executing this code, a runtime error will occur due to the attempt to divide a by b (0).","The code snippet contains a division operation with b having a value of 0, which causes a runtime error due to the illegal division by zero.","The code will produce an error at runtime due to division by zero, as it attempts to divide a by b, where b has a value of 0.",Easy,
"What is the output of the following code snippet?


int x = 5;
{
    int x = 10;
    printf(""%d"", x);
}",10,"The code snippet demonstrates the concept of variable scoping. Inside the inner block, a new variable x is declared and assigned a value of 10. The printf statement prints the value of the inner x, which is 10.","The output will be 10 because within the inner block, a new variable x is declared and assigned the value 10, which is printed using the printf statement.","Due to variable scoping, the inner block creates a new x variable with a value of 10, which is distinct from the outer x. Consequently, the output will be 10.","Inside the inner block, a new variable x is defined with a value of 10. Therefore, the printf statement will display 10, reflecting the value of the inner x variable.",Easy,
"What is the output of the following code snippet?


#include <stdio.h>

int main() {
    printf(""Hello, World!"");
    return 0;
}","Hello, World!","The code is a basic program that prints the string ""Hello, World!"" using the printf function. The output will be ""Hello, World!"" displayed on the console.","The code snippet is a simple program that prints the string ""Hello, World!"" using the printf function, resulting in the exact output ""Hello, World!"".","Executing the code will display the string ""Hello, World!"" on the console, indicating the successful execution of the program.","The output will be ""Hello, World!"" since the code uses the printf function to display the string as specified.",Easy,
"What is the output of the following code snippet?


int x = 5;
int y = 7;
int z = x > y ? x : y;
printf(""%d"", z);",7,"The code snippet uses the conditional operator (?:) to assign the value of x or y to z, based on the condition x > y. Since x is not greater than y, z is assigned the value of y, which is 7.","The output will be 7 because the conditional expression x > y ? x : y evaluates to false, resulting in the assignment of y (7) to z.","Since x is not greater than y, the conditional operator assigns the value of y (7) to z, which will be printed as the output.","By using the conditional operator, the code assigns the value of y to z since x is not greater than y, resulting in the output of 7.",Easy,
"What is the output of the following code snippet?


int x = 2;
int y = x++ * 3 + --x;
printf(""%d %d"", x, y);",2 7,"The code snippet demonstrates the use of post-increment (x++), pre-decrement (--x), and multiplication (*) operators. The expression x++ * 3 + --x involves all these operators, and the final values assigned to x and y are both 2 and 7, respectively.","The output will be ""2 7"" because the post-increment operator (x++) increments x after evaluating the expression, and the pre-decrement operator (--x) decrements x before evaluating the expression. Thus, both x and y are 2 and 7, respectively.","After executing the code, the value of x becomes 2 since the post-increment operation is performed after the evaluation of the expression. y is assigned the value of 2 multiplied by 3 plus the decremented x (1), which results in 7.","The code snippet combines post-increment, pre-decrement, and multiplication operators. It assigns the value of 2 to x and evaluates y as 2 multiplied by 3 plus the decremented value of x (1), resulting in x and y being 2 and 7, respectively.",Easy,
"What is the output of the following code snippet?


int x = 5;
int y = 3;
int z = x % y;
printf(""%d"", z);",2,"The code snippet uses the modulus operator (%) to calculate the remainder when x (5) is divided by y (3). The remainder is 2, which is assigned to z.","The output will be 2 because the modulus operator calculates the remainder when x is divided by y, resulting in the value 2.","By utilizing the modulus operator (%), the code computes the remainder when dividing x (5) by y (3), yielding 2 as the output.","The code snippet applies the modulus operator to x (5) and y (3), producing the output 2, which represents the remainder when x is divided by y.",Easy,
"What is the output of the following code snippet?


#include <stdio.h>

int main() {
    int x = 5;
    printf(""%d"", x++);
    printf(""%d"", ++x);
    return 0;
}",56,The code snippet demonstrates the use of post-increment (x++) and pre-increment (++x) operators. The first printf statement prints the current value of x (5) and then increments it by 1. The second printf statement pre-increments x by 1 and then prints the new value (6).,"The output will be ""56"" because the first printf statement prints the current value of x (5) before incrementing it, and the second printf statement prints the pre-incremented value (6).","After executing the first printf statement, x is incremented to 6. The second printf statement pre-increments x by 1 and prints the new value as 6, resulting in the output ""56"".","The code snippet demonstrates the difference between post-increment and pre-increment operators. The first printf statement prints the current value of x (5) and then increments it to 6. The second printf statement pre-increments x to 7 and prints the updated value, resulting in the output ""56"".",Medium,
"What is the output of the following code snippet?


#include <stdio.h>

int main() {
    int i = 0;
    while (i < 5) {
        printf(""%d "", i++);
    }
    return 0;
}",0 1 2 3 4,"The code snippet uses a while loop to print the value of i and then increment it by 1. It continues this process until i reaches 5. Therefore, it prints the numbers from 0 to 4, separated by spaces.","The output will be ""0 1 2 3 4"" because the while loop iterates as long as i is less than 5. It prints the value of i (starting from 0) and increments it by 1 in each iteration.","The code snippet executes a while loop that prints the values of i from 0 to 4 (inclusive) by incrementing i in each iteration, resulting in the output ""0 1 2 3 4"".","By using a while loop, the code prints the values of i starting from 0 and incrementing it by 1 in each iteration until it reaches 5. Thus, the output will be ""0 1 2 3 4"".",Medium,
"What is the output of the following code snippet?

c
Copy code
#include <stdio.h>

int main() {
    int x = 5;
    int y = 2;
    printf(""%d"", x / y * y);
    return 0;
}",4,"The code snippet calculates the result of the expression x / y * y. Since integer division is used, x / y evaluates to 2. Multiplying this result (2) by y (2) gives the final output of 4.","The output will be 4 because the expression x / y * y is evaluated using integer division, resulting in 2. Multiplying this result by y (2) gives the final output as 4.","By applying integer division, the code calculates x / y as 2 and then multiplies this result by y (2), yielding the output 4.","The code snippet performs integer division on x and y, resulting in 2. Multiplying this value by y (2) produces the output of 4.",Medium,
"What is the output of the following code snippet?

#include <stdio.h>

int main() {
    int arr[] = {1, 2, 3, 4, 5};
    int* ptr = arr;
    printf(""%d"", *(ptr + 3));
    return 0;
}",4,"The code snippet declares an integer array arr and initializes it with values. The variable ptr is assigned the address of the first element of arr. The expression *(ptr + 3) accesses the value at the memory location pointed to by ptr offset by 3 positions. As a result, it prints the value 4.","The output will be 4 because the expression *(ptr + 3) advances the memory address pointed to by ptr by 3 positions, accessing the value 4 in the array arr.","By using pointer arithmetic, the code evaluates the expression *(ptr + 3) to access the value at the memory location pointed to by ptr offset by 3 positions, resulting in the output 4.","The code snippet initializes an array and assigns its memory address to the pointer variable ptr. By accessing the value at the memory location ptr + 3, the code prints the value 4.",Medium,
"What is the output of the following code snippet?


#include <stdio.h>

int main() {
    int x = 5;
    int* ptr = &x;
    *ptr = 10;
    printf(""%d"", x);
    return 0;
}",10,"The code snippet declares an integer variable x and a pointer variable ptr that points to x using the address-of operator (&). By assigning a value of 10 to the memory location pointed to by ptr (*ptr = 10), the value of x is modified to 10. Therefore, the output is 10.","The output will be 10 because the code modifies the value at the memory location pointed to by ptr to 10 using the dereference operator (*ptr = 10), which updates the value of x.","By assigning 10 to the memory location pointed to by ptr, the code modifies the value of x to 10. Thus, the output will be 10.","The code snippet declares a pointer variable ptr that points to x. By updating the value at the memory location ptr points to, the code modifies the value of x to 10, resulting in the output 10.",Medium,
"What is the output of the following code snippet?


#include <stdio.h>

int main() {
    int x = 10;
    if (x = 5) {
        printf(""Hello"");
    } else {
        printf(""World"");
    }
    return 0;
}",Hello,"The code snippet contains an assignment (x = 5) within the condition of the if statement. Since the assignment operation = returns the value assigned (5), the condition evaluates to true and the code inside the if block is executed, resulting in the output ""Hello"".","The output will be ""Hello"" because the assignment x = 5 within the if statement evaluates to true since the assigned value (5) is non-zero. As a result, the code inside the if block is executed.","Due to the assignment operation x = 5 within the condition of the if statement, the condition is considered true, resulting in the execution of the code inside the if block and the output ""Hello"".","The code snippet assigns the value 5 to x within the if statement's condition. Since the assigned value is non-zero, the condition evaluates to true, leading to the execution of the code inside the if block, resulting in the output ""Hello"".",Medium,
"What is the output of the following code snippet?


#include <stdio.h>

int main() {
    int i = 0;
    do {
        printf(""%d "", i);
        i++;
    } while (i < 5);
    return 0;
}",0 1 2 3 4,"The code snippet uses a do-while loop to print the value of i and then increments it by 1. It continues this process until i reaches 5. Therefore, it prints the numbers from 0 to 4, separated by spaces.","The output will be ""0 1 2 3 4"" because the do-while loop executes the code block at least once, printing the values of i from 0 to 4 (inclusive) and incrementing i in each iteration.","By using a do-while loop, the code prints the values of i starting from 0 and incrementing it by 1 in each iteration until it reaches 5. Thus, the output will be ""0 1 2 3 4"".","The do-while loop executes the code block and prints the values of i from 0 to 4. It increments i in each iteration until the condition i < 5 becomes false, resulting in the output ""0 1 2 3 4"".",Medium,
"What is the output of the following code snippet?


#include <stdio.h>

int main() {
    int i;
    for (i = 0; i < 5; i++) {
        if (i == 2) {
            break;
        }
        printf(""%d "", i);
    }
    return 0;
}",0 1,"The code snippet uses a for loop to iterate over the values of i from 0 to 4. However, when i equals 2, the break statement is encountered, terminating the loop. Therefore, it only prints the values 0 and 1.","The output will be ""0 1"" because the for loop iterates over the values of i from 0 to 4. However, when i becomes 2, the break statement is encountered, terminating the loop before it reaches 2.","By using the break statement, the code terminates the for loop when i becomes 2, resulting in the output of ""0 1"".","The code snippet employs a for loop to iterate over the values of i from 0 to 4. However, the break statement interrupts the loop execution when i reaches 2, causing the output to be ""0 1"".",Medium,
"What is the output of the following code snippet?


#include <stdio.h>

int main() {
    int i;
    for (i = 0; i < 5; ++i) {
        if (i == 2) {
            continue;
        }
        printf(""%d "", i);
    }
    return 0;
}",0 1 3 4,"The code snippet uses a for loop to iterate over the values of i from 0 to 4. When i equals 2, the continue statement is encountered, skipping the rest of the loop's code block for that iteration. Therefore, it prints the values 0, 1, 3, and 4.","The output will be ""0 1 3 4"" because the for loop iterates over the values of i from 0 to 4. However, when i becomes 2, the continue statement is encountered, skipping the code inside the loop for that iteration.","By utilizing the continue statement, the code skips the execution of the loop's code block when i becomes 2, resulting in the output ""0 1 3 4"".","The code snippet employs a for loop to iterate over the values of i from 0 to 4. The continue statement interrupts the execution of the code block when i reaches 2, causing the output to be ""0 1 3 4"".",Medium,
"What is the output of the following code snippet?

#include <stdio.h>

int main() {
    int i, j;
    for (i = 0; i < 3; i++) {
        for (j = 0; j < 2; j++) {
            if (j == 1) {
                break;
            }
            printf(""%d%d "", i, j);
        }
    }
    return 0;
}",00 10 20,"The code snippet contains nested for loops. The outer loop iterates over i from 0 to 2, and the inner loop iterates over j from 0 to 1. When j equals 1, the break statement is encountered, terminating the inner loop. Therefore, it prints the values 00, 10, and 20.","The output will be ""00 10 20"" because the outer for loop iterates over i from 0 to 2, and the inner for loop iterates over j from 0 to 1. When j becomes 1, the break statement is encountered, ending the inner loop for that iteration.","By using the break statement, the code terminates the inner for loop when j becomes 1. It then proceeds to the next iteration of the outer for loop, resulting in the output ""00 10 20"".","The code snippet consists of nested for loops. The inner loop stops executing when j reaches 1 due to the break statement, resulting in the output of ""00 10 20"" from the outer loop's iterations.",Medium,
"What is the output of the following code snippet?


#include <stdio.h>

void func(int x) {
    if (x > 0) {
        func(--x);
        printf(""%d "", x);
        func(--x);
    }
}

int main() {
    func(4);
    return 0;
}",0 1 0 2 0 1 0,The code snippet recursively calls the func function with decreasing values of x until x becomes less than or equal to 0. It then prints the value of x and recursively calls func again. The output is a sequence of decreasing values of x interleaved with 0s.,"The output will be ""0 1 0 2 0 1 0"" because the recursive calls to func decrement x until it reaches 0 or negative values. Each time x becomes greater than 0, it is printed, resulting in the specified output.","By recursively calling func with decreasing values of x, the code prints the values of x in descending order, separated by 0s, following a specific pattern. Thus, the output will be ""0 1 0 2 0 1 0"".","The code snippet uses recursion to repeatedly call func with decreasing values of x. During each recursive call, the value of x is printed, followed by another recursive call with further decremented values of x. This process generates the output ""0 1 0 2 0 1 0"" as specified.",Hard,
"What is the output of the following code snippet?


#include <stdio.h>

int main() {
    int x = 10;
    int y = 20;
    int z = x, y;
    printf(""%d %d"", z, y);
    return 0;
}",10(undefined value),"The code snippet declares three variables: x with the value 10, y with the value 20, and z with the same value as x. However, the comma operator in the line int z = x, y; causes y to be declared separately, leaving z uninitialized. Therefore, the output for z is 10, but the value of y is undefined (garbage value).","The output will be ""10 (undefined value)"" because the comma operator in the line int z = x, y; mistakenly separates the declaration of z and y. Consequently, z takes the value of x (10), but y remains uninitialized, leading to an undefined value.","Due to the incorrect usage of the comma operator in the declaration int z = x, y;, y is declared separately, while z takes the value of x (10). However, y remains uninitialized, resulting in an undefined value.","The code snippet mistakenly separates the declaration of z and y using the comma operator in the line int z = x, y;. As a result, z is assigned the value of x (10), but y is uninitialized, leading to an undefined value.",Hard,
"What is the output of the following code snippet?


#include <stdio.h>

int main() {
    int x = 5;
    int y = (x++)++;
    printf(""%d"", y);
    return 0;
}",Error - lvalue required (compile-time error),"The code snippet attempts to apply the post-increment operator (++) to the result of another post-increment operation, which is not allowed in C. This results in a compile-time error stating that an lvalue (modifiable value) is required as the operand of the increment operator.","The code will produce a compile-time error stating ""lvalue required"" because it tries to apply the post-increment operator to the result of another post-increment operation, which is not allowed in C.","Due to the illegal use of the post-increment operator (++) on the result of another post-increment operation, the code fails to compile, generating an error message indicating that an lvalue is required.","The code snippet contains an invalid use of the post-increment operator on the result of another post-increment operation, which violates the rules of C. As a result, the code fails to compile, displaying an error message stating that an lvalue is required.",Hard,
"What is the output of the following code snippet?


#include <stdio.h>

int main() {
    int arr[5] = {1, 2, 3, 4, 5};
    int* ptr = &arr[2];
    printf(""%d"", *(ptr++));
    printf(""%d"", *(++ptr));
    return 0;
}",3 4,The code snippet initializes an integer array arr and assigns the address of arr[2] to the pointer variable ptr. The first printf statement prints the value at the memory location pointed to by ptr and then increments ptr by 1 using the post-increment operator (ptr++). The second printf statement increments ptr by 1 using the pre-increment operator (++ptr) and then prints the updated value.,"The output will be ""3 4"" because the first printf statement prints the value at the memory location pointed to by ptr (which is 3) and increments ptr to point to arr[3]. The second printf statement increments ptr to point to arr[4] and then prints the value (which is 4).","By utilizing pointer arithmetic, the code prints the values at the memory locations pointed to by ptr, which are initially arr[2] (3) and arr[3] (4). The pointer is incremented using both post-increment and pre-increment operators, resulting in the output ""3 4"".","The code snippet uses pointer arithmetic to access the values in the array arr. The first printf statement prints the value at the memory location pointed to by ptr (3) and increments ptr to point to the next element. The second printf statement increments ptr again and prints the updated value (4), resulting in the output ""3 4"".",Hard,
"What is the error in the following code snippet?

c
Copy code
#include <stdio.h>

int main() {
    char str[5] = ""Hello"";
    printf(""%s"", str);
    return 0;
}",Buffer overflow (potential runtime error),"The code snippet declares a character array str with a size of 5, which is not sufficient to store the string ""Hello"" along with the null terminator \0. This can lead to a buffer overflow, as the string is longer than the allocated space. Although the code may compile and run without errors, it can cause undefined behavior and potentially crash the program.","The code has a potential buffer overflow error because the character array str is declared with a size of 5, which is insufficient to store the string ""Hello"" along with the null terminator \0. This can lead to memory corruption and undefined behavior.","The error in the code lies in the insufficient allocation of memory for the character array str. With a size of 5, it cannot accommodate the entire string ""Hello"" and the null terminator. This can result in a buffer overflow, causing unexpected behavior or program crashes.","The code snippet contains a potential buffer overflow issue. The character array str is declared with a size of 5, which is insufficient to hold the string ""Hello"" along with the null terminator. This can lead to memory access violations and unpredictable consequences at runtime.",Hard,
"What is the output of the following code snippet?


#include <stdio.h>

void swap(int a, int b) {
    int temp = a;
    a = b;
    b = temp;
}

int main() {
    int x = 10;
    int y = 20;
    swap(x, y);
    printf(""%d %d"", x, y);
    return 0;
}",10 20,"The code snippet attempts to swap the values of x and y by passing them as arguments to the swap function. However, the swap operation is performed on local variables a and b within the function, not on the original variables x and y. Therefore, the values of x and y remain unchanged, resulting in the output ""10 20"".","The output will be ""10 20"" because although the swap function swaps the values of a and b, which are local variables, it does not affect the original variables x and y in the main function.","The code attempts to swap the values of x and y by passing them to the swap function, but the swap operation only modifies the local variables a and b within the function. Therefore, the output will be ""10 20"".","Although the swap function swaps the values of a and b, it does not modify the original variables x and y in the main function. Thus, the output will be ""10 20"".",Hard,
"What is the output of the following code snippet?

#include <stdio.h>

int main() {
    int x = 5;
    if (x == 5) {
        printf(""x is 5"");
    } else if (x == 10) {
        printf(""x is 10"");
    } else {
        printf(""x is neither 5 nor 10"");
    }
    return 0;
}",x is 5,"The code snippet uses an if-else statement to check the value of x. Since x is equal to 5, the condition x == 5 evaluates to true, and the code within the corresponding if block is executed. Therefore, the output is ""x is 5"".","The output will be ""x is 5"" because the code checks the value of x using an if-else statement. Since x is equal to 5, the condition x == 5 evaluates to true, resulting in the execution of the code within the corresponding if block.","By evaluating the condition x == 5, the code determines that x is equal to 5, leading to the execution of the code within the corresponding if block and the output ""x is 5"".","The code snippet utilizes an if-else statement to check the value of x. As x is equal to 5, the condition x == 5 evaluates to true, causing the code within the corresponding if block to execute, resulting in the output ""x is 5"".",Hard,
"What is the output of the following code snippet?


#include <stdio.h>

int main() {
    int arr[] = {1, 2, 3, 4, 5};
    int* ptr = arr + 3;
    printf(""%d"", *ptr);
    return 0;
}",4,"The code snippet declares an integer array arr and assigns the memory address of arr[3] to the pointer variable ptr using pointer arithmetic (arr + 3). The printf statement dereferences ptr (*ptr) and prints the value at that memory location, which is 4.","The output will be 4 because the pointer ptr is set to the memory address of arr[3] using pointer arithmetic. By dereferencing ptr (*ptr), the code accesses and prints the value at that memory location, which is 4.
","By utilizing pointer arithmetic, the code sets ptr to the memory address of arr[3]. The subsequent dereference of ptr (*ptr) allows the code to access the value at that memory location, resulting in the output 4.","The code snippet uses pointer arithmetic to assign the memory address of arr[3] to the pointer ptr. By dereferencing ptr, the code retrieves and prints the value at that memory location, which is 4.",Hard,
"What is the error in the following code snippet?


#include <stdio.h>

int main() {
    char str1[] = ""Hello"";
    char str2[] = ""World"";
    char* ptr = str1;
    ptr = str2;
    printf(""%s"", ptr);
    return 0;
}",No Error,"The code snippet declares two character arrays, str1 and str2, and a pointer variable ptr. Initially, ptr is assigned the memory address of str1. Later, ptr is reassigned to the memory address of str2, which is a valid operation. Therefore, the code runs without errors and prints the string ""World"" using printf.","There is no error in the code. The code snippet successfully declares character arrays str1 and str2, assigns the memory address of str1 to ptr, and later reassigns ptr to the memory address of str2. Thus, the output will be ""World"".","The code does not contain any errors. It declares two character arrays, str1 and str2, and assigns their memory addresses to ptr. By reassigning ptr to the address of str2, the code prints the string ""World"" using printf.","The code snippet is error-free. It initializes character arrays str1 and str2, assigns their memory addresses to ptr, and later reassigns ptr to the address of str2. Consequently, the output will be ""World"".",Hard,
"What is the error in the following code snippet?


#include <stdio.h>

int main() {
    for (int i = 0; i < 5; i++) {
        for (int i = 0; i < 3; i++) {
            printf(""%d "", i);
        }
    }
    return 0;
}",No Error,"The code snippet demonstrates the usage of nested for loops with the same loop variable i. Although the inner for loop has a loop variable i that shadows the outer loop variable, it is valid since each loop has its own scope. The code runs without errors and prints the values of i in the inner loop.","There is no error in the code. The snippet utilizes nested for loops with the same loop variable i, but it is valid since each loop has its own scope. The code runs without errors and prints the values of i in the inner loop.","The code does not contain any errors. Despite the inner for loop having the same loop variable i as the outer loop, each loop has its own scope. As a result, the code successfully executes the nested loops and prints the values of i in the inner loop.","The code snippet is error-free. Although the inner for loop reuses the loop variable i, it is allowed since each loop has its own scope. Thus, the code executes the nested loops without errors and prints the values of i in the inner loop.",Hard,
"What is the output of the following code snippet?


#include <stdio.h>

int main() {
    int x = 10;
    int y = x++;
    printf(""%d %d"", x, y);
    return 0;
}",11 10,"The code snippet assigns the value of x to y and then increments x by 1 using the post-increment operator (x++). Therefore, the output is ""11 10"" as y holds the original value of x before the increment.
","The output will be ""11 10"" because the post-increment operator x++ first assigns the original value of x (10) to y and then increments x to 11. Thus, the output reflects these updated values.","After assigning the value of x to y, the code increments x using the post-increment operator. Consequently, the output will be ""11 10"" since y retains the original value of x.","The code snippet assigns the value of x (10) to y and then increments x using the post-increment operator (x++). Therefore, the output will be ""11 10"" as y holds the initial value of x before the increment.",Easy,
"What is the output of the following code snippet?

c
Copy code
#include <stdio.h>

int main() {
    int arr[] = {1, 2, 3, 4, 5};
    int* ptr = arr;
    printf(""%d"", *++ptr);
    return 0;
}",2,"The code snippet initializes an integer array arr and assigns the memory address of the first element of arr to the pointer variable ptr. The expression *++ptr increments ptr to point to the next element and then dereferences it, accessing the value 2.","The output will be 2 because the code increments ptr using the pre-increment operator ++ to point to the second element of the array arr. By dereferencing ptr (*ptr), the code accesses and prints the value 2.","After incrementing ptr to point to the next element of the array arr, the code dereferences ptr using the dereference operator *. This allows it to access and print the value 2, resulting in the output 2.","The code snippet initializes an array arr and a pointer ptr that points to the first element of arr. By incrementing ptr to the next element and then dereferencing it, the code accesses and prints the value 2.",Easy,
"What is the output of the following code snippet?


#include <stdio.h>

int main() {
    int x = 5;
    int y = 2;
    printf(""%d"", x / y);
    return 0;
}",2,"The code snippet performs integer division on x and y using the division operator /. Since both x and y are integers, the division results in an integer quotient of 2, which is printed as the output.","The output will be 2 because the code performs integer division on x and y, resulting in the quotient of 2. Since both x and y are integers, the division is performed as integer division.","By using integer division, the code calculates the quotient of x divided by y, which results in 2. Consequently, the output will be 2.","The code snippet performs integer division on x and y, resulting in the quotient of 2. Since both x and y are integers, the division operation is performed without considering any fractional part.",Easy,
"What is the output of the following code snippet?


#include <stdio.h>

int main() {
    int i = 0;
    while (i++ < 5) {
        printf(""%d "", i);
    }
    return 0;
}",1 2 3 4 5,"The code snippet uses a while loop to print the value of i and then increments i by 1. It continues this process until i reaches 5. Therefore, it prints the numbers from 1 to 5, separated by spaces.","The output will be ""1 2 3 4 5"" because the while loop iterates as long as i is less than 5. It prints the value of i (starting from 1) and increments it by 1 in each iteration.","By using a while loop, the code prints the values of i from 1 to 5 (inclusive) by incrementing i in each iteration, resulting in the output ""1 2 3 4 5"".","The code snippet employs a while loop that prints the values of i from 1 to 5 (inclusive) by incrementing i in each iteration, resulting in the output ""1 2 3 4 5"".",Medium,
"What is the output of the following code snippet?


#include <stdio.h>

int main() {
    int arr[5];
    printf(""%d"", arr[3]);
    return 0;
}",Garbage value,"The code snippet declares an integer array arr without initializing its elements. Therefore, accessing arr[3] results in reading an uninitialized value, which is commonly referred to as a ""garbage value"". The output will be the content of the memory location where arr[3] is stored.","The output will be a ""garbage value"" because the code accesses the element arr[3] without initializing the integer array arr. This results in reading an uninitialized value that could contain any value from the memory.","Due to the absence of initialization for the integer array arr, accessing arr[3] will provide an unpredictable ""garbage value"". The output will reflect the contents of the memory location assigned to arr[3].","The code snippet attempts to print the value of arr[3], which is uninitialized. As a result, the output will be a ""garbage value"", which represents whatever content happens to be in that memory location.",Medium,
"What is the output of the following code snippet?


#include <stdio.h>

int main() {
    int x = 0;
    int y = 5;
    if (x && y)
        printf(""Hello"");
    else
        printf(""World"");
    return 0;
}",World,"The code snippet uses the logical AND operator && to evaluate the condition x && y. Since x is 0 (false), the condition short-circuits, and the code executes the else block. Therefore, the output is ""World"".","The output will be ""World"" because the logical AND operator && evaluates the condition x && y. Since x is 0 (false), the condition short-circuits, leading to the execution of the else block and the output ""World"".","The code snippet checks the condition x && y using the logical AND operator. Since x is 0 (false), the evaluation short-circuits and directly proceeds to the else block, resulting in the output ""World"".","By evaluating the condition x && y using the logical AND operator, the code determines that x is false (0), leading to the execution of the else block. Consequently, the output will be ""World"".",Medium,
"What is the output of the following code snippet?


#include <stdio.h>

int main() {
    int x = 5;
    if (x > 2)
        printf(""Hello"");
        printf(""World"");
    return 0;
}",HelloWorld,"The code snippet uses an if statement to check if x is greater than 2. Since x is indeed greater than 2, the code executes the statement printf(""Hello"") within the if block. However, the subsequent printf(""World"") statement is not part of the if block due to the absence of curly braces. Therefore, it executes unconditionally, resulting in the output ""HelloWorld"".","The output will be ""HelloWorld"" because the if statement checks if x is greater than 2. Since it is true, the code executes the corresponding printf statement. The subsequent printf(""World"") statement is not part of the if block and will execute unconditionally.","By excluding curly braces for the if statement, the code only considers the immediately following statement as part of the if block. As a result, the code executes the printf(""Hello"") statement conditionally and the subsequent printf(""World"") statement unconditionally, resulting in the output ""HelloWorld"".","The code snippet uses an if statement to conditionally execute the statement printf(""Hello"") if x is greater than 2. However, the absence of curly braces limits the scope of the if block to the immediate statement only. Consequently, the subsequent printf(""World"") statement executes unconditionally, resulting in the output ""HelloWorld"".",Medium,
"What is the output of the following code snippet?


#include <stdio.h>

int main() {
    int i = 10;
    do {
        printf(""%d "", i);
        i--;
    } while (i > 0);
    return 0;
}",10 9 8 7 6 5 4 3 2 1,"The code snippet uses a do-while loop to print the value of i and then decrements it by 1. It continues this process until i becomes less than or equal to 0. Therefore, it prints the numbers from 10 to 1 in descending order, separated by spaces.","The output will be ""10 9 8 7 6 5 4 3 2 1"" because the do-while loop executes the code block at least once, printing the values of i from 10 to 1 (inclusive) and decrementing i in each iteration.","By utilizing a do-while loop, the code prints the values of i starting from 10 and decrements it by 1 in each iteration until it becomes 0. Hence, the output will be ""10 9 8 7 6 5 4 3 2 1""","The do-while loop executes the code block and prints the values of i from 10 to 1. It decrements i in each iteration until the condition i > 0 becomes false, resulting in the output ""10 9 8 7 6 5 4 3 2 1"".",Hard,
"What is the output of the following code snippet?


#include <stdio.h>

int main() {
    int i = 0;
    while (i < 5) {
        printf(""%d "", i);
        i++;
        if (i == 3) {
            continue;
        }
        printf(""Hello "");
    }
    return 0;
}",0 Hello 1 Hello 2 4 Hello,"The code snippet uses a while loop to iterate as long as i is less than 5. It prints the value of i and increments it by 1. However, when i becomes 3, the continue statement is encountered, skipping the rest of the loop's code block for that iteration. Therefore, the output is ""0 Hello 1 Hello 2 4 Hello"".","The output will be ""0 Hello 1 Hello 2 4 Hello"" because the while loop iterates until i reaches 5. It prints the values of i from 0 to 2, skipping the printing of ""Hello"" when i is 3 due to the continue statement. After that, it prints the value of i (4) and ""Hello"" again.","By utilizing the continue statement, the code skips printing ""Hello"" when i is 3, resulting in the output ""0 Hello 1 Hello 2 4 Hello"". It prints the values of i within the specified range, except for the iteration where i is 3.","The code snippet employs a while loop to iterate as long as i is less than 5. When i equals 3, the continue statement is encountered, bypassing the rest of the loop's code block for that iteration. As a result, the output will be ""0 Hello 1 Hello 2 4 Hello"".",Hard,
"What is the error in the following code snippet? #include <stdio.h>
 
 int main() {
  int x = 5;
  printf(""%d"", x);
  return 0;
 }",There is no error in the provided code.,"The given code is a valid C program that prints the value of the variable `x`, which is 5, using the `printf` function.",The code is correct and will output the value of `x` as 5.,"There is nothing wrong with the code, and it will print 5.","No errors are present in the given code, and it will display the value of `x` as 5.",Easy,
"What will be the output of the following code snippet?#include <stdio.h>
 
 int main() {
  int x = 10;
  printf(""%d\n"", x++);
  printf(""%d"", x);
  return 0;
 }","The output will be: 10
 11",The `printf` function in the first line prints the value of `x` (10) and then increments it by one using the post-increment operator (`x++`). The second `printf` statement prints the updated value of `x` (11).,The code will print 10 followed by 11.,"Output: 10, then 11.",The program will display 10 on the first line and 11 on the second line.,Easy,
"Identify the error(s) in the following code:#include <stdio.h>
 
 int main() {
  int n = 5;
  if (n > 0) {
  int n = 10;
  printf(""%d"", n);
  }
  printf(""%d"", n);
  return 0;
 }","The error in the code is redeclaring the variable `n` within the `if` block. The second `int n = 10;` declaration creates a new variable scope, and it doesn't affect the value of the outer `n` variable. So, the output will be: 10
 5","The inner n variable inside the if block has a different scope from the outer n variable. It shadows the outer variable, so the printf statement inside the if block will print 10 (the value of the inner n), and the printf statement outside the if block will print 5 (the value of the outer n).","The code has an error due to redeclaring `n` inside the `if` block, and it will print 10 followed by 5.","By declaring `n` again within the `if` block, the code creates a new variable scope, resulting in the output of 10 and 5.","By declaring n again within the if block, the code creates a new variable scope, resulting in the output of 10 and 5.",Easy,
"What will be the output of the following code snippet? #include <stdio.h>
 
 int main() {
  int i;
  for (i = 0; i < 5; i++) {
  if (i == 2)
  continue;
  printf(""%d"", i);
  }
  return 0;
 }","The output will be: 10
 11","The `for` loop iterates from 0 to 4. When `i` is 2, the `if` condition `i == 2` is true, and the `continue` statement is executed, skipping the rest of the loop body for that iteration. Therefore, the number 2 is not printed.","The code will print 0, 1, 3, and 4.","Output: 0, 1, 3, 4.","When running the code, it will display 0, 1, 3, and 4.",Easy,
"Find the error in the following code: #include <stdio.h>
 
 int main() {
  int arr[5];
  arr = {1, 2, 3, 4, 5};
  return 0;
 }","The error in the code is the assignment statement `arr = {1, 2, 3, 4, 5};`. Arrays cannot be assigned values using the assignment operator after declaration. Instead, you need to use a loop or individual assignments to populate the array.","Arrays in C cannot be assigned values using the assignment operator (`=`) after declaration. To assign values to each element of an array, you can use a loop or individual assignments.",The code is incorrect because you cannot assign values to an array using the assignment operator.,"The mistake lies in trying to assign values to the `arr` array using the assignment operator, which is not allowed in C.","Assigning values to the `arr` array using the assignment operator is not permitted in C, making the code invalid.",Medium,
"Identify the error(s) in the following code: #include <stdio.h>
 
 int main() {
  int x = 10;
  int *ptr = &x;
  printf(""%d"", ptr);
  return 0;
 }","The error in the code is that the `%d` format specifier in the `printf` statement expects an integer argument, but `ptr` is a pointer variable. To print the value pointed to by the pointer, you need to use the dereference operator (`*ptr`) in the `printf` statement.","In the original code, `ptr` is a pointer variable that stores the memory address of `x`. To print the value pointed to by `ptr`, you need to dereference it using the `*` operator. The corrected code prints the value of `x` correctly.","The code has an error because it tries to print the pointer variable `ptr` instead of the value it points to. To fix this, you need to use the dereference operator `*ptr` inside the `printf` statement.","The mistake lies in attempting to print the pointer variable `ptr` instead of the value it points to. To correct it, you should use `*ptr` to dereference the pointer and print the value.","The code contains an error as it tries to print the pointer variable `ptr` instead of the value it points to. To rectify this, you should use `*ptr` to dereference the pointer and display the value.",Medium,
"What will be the output of the following code snippet? #include <stdio.h>
 
 #include <stdio.h>
 
 int main() {
  int x = 5;
  int *ptr = &x;
  printf(""%d"", ++(*ptr));
  return 0;
 }",The output will be:6,"The `++(*ptr)` expression increments the value pointed to by `ptr` (which is `x`) by one. Therefore, the `printf` statement will print the updated value of `x`, which is 6.",The code will output 6.,The output of the code snippet will be 6.,"When the code runs, it will display 6 as the output.",Medium,
"Identify the error(s) in the following code: #include <stdio.h>
 
 int main() {
  int x = 5;
  int y = 10;
  int *ptr = &y;
  x = *ptr;
  printf(""%d"", *x);
  return 0;
 }","There are two errors in the code. Firstly, `printf(%d"", *x);` should be `printf(""%d"", x);` because `x` is an integer variable, not a pointer. Secondly, the line `x = *ptr;` should be `*ptr = x;` to correctly assign the value of `x` to `y`.""","In the original code, `x` is an integer variable, so `printf(""%d"", *x);` should print `x` directly without dereferencing it. Additionally, to assign the value of `x` to `y`, you need to use `*ptr = x;` to dereference `ptr` and modify the value of `y`.","The code has two errors. Firstly, it tries to dereference `x` in the `printf` statement, which is unnecessary. Secondly, it assigns the value of `x` to `y` incorrectly; it should be `*ptr = x;`.","The mistakes in the code include attempting to dereference `x` in the `printf` statement and assigning the value of `x` to `y` incorrectly. The correct assignments should be `printf(%d"", x);` and `*ptr = x;`.""","The code contains two errors: unnecessary dereferencing of `x` in the `printf` statement and an incorrect assignment of the value of `x` to `y`. The correct code should use `printf(%d"", x);` and `*ptr = x;`.",Medium,
"What will be the output of the following code snippet? #include <stdio.h>
 
 int main() {
  char str[] = ""Hello"";
  char *ptr = str;
  printf(""%c"", *(ptr + 2));
  return 0;
 }",The output will be: l,"The `ptr + 2` expression calculates the memory address two positions after `ptr` points to the second character in the string `str`, which is `'l'`. The `printf` statement with `%c` format specifier prints the character `'l'`.",The code will output the character 'l'.,The output of the code snippet will be 'l'.,"When the code runs, it will display the character 'l' as the output.",Hard,
"Identify the error(s) in the following code: #include <stdio.h>
 
 int main() {
  int arr[] = {1, 2, 3, 4, 5};
  int *ptr = arr;
  printf(""%d"", ptr[5]);
  return 0;
 }","The error in the code is accessing `ptr[5]`, which is out of bounds. The valid indices for `ptr` range from 0 to 4, corresponding to the elements of `arr`. Accessing `ptr[5]` results in undefined behavior.","Arrays in C are zero-indexed, so the valid indices for `ptr` would be 0 to 4, corresponding to the elements of `arr`. Accessing `ptr[5]` goes beyond the array bounds, resulting in undefined behavior.","The code has an error as it tries to access an element outside the valid bounds of the array. Specifically, `ptr[5]` is out of range and results in undefined behavior.","The mistake lies in accessing an element outside the valid range of the array. In this case, `ptr[5]` goes beyond the array bounds and leads to undefined behavior.","By attempting to access an element outside the valid indices of the array, the code encounters an error. In particular, `ptr[5]` is out of range and causes undefined behavior.",Hard,
